start_date,end_date,AInfluenza,AcuteBronchitis,BodyTemperature,BraunThermoscan,BreakAFever,Bronchitis,ChestCold,ColdAndFlu,ColdOrFlu,ColdVersusFlu,ColdVsFlu,ContagiousFlu,CoughFever,CureFlu,CureTheFlu,DangerousFever,DoIHaveTheFlu,EarThermometer,EarlyFluSymptoms,Expectorant,ExposedToFlu,FeverCough,FeverFlu,FeverReducer,FightTheFlu,FluAndCold,FluAndFever,FluCare,FluChildren,FluComplications,FluContagiousPeriod,FluContagious,FluCough,FluDuration,FluFever,FluGerms,FluHeadache,FluHowLong,FluInChildren,FluIncubationPeriod,FluIncubation,FluLasts,FluLength,FluMedicine,FluOrCold,FluRecovery,FluRelief,FluRemedies,FluRemedy,FluReport,FluReports,FluSymptoms,FluTest,FluTreatment,FluTreatments,FluVersusCold,FluVsCold,GetOverTheFlu,GetRidOfTheFlu,HavingTheFlu,HighFever,HowLongContagious,HowLongDoesFluLast,HowLongDoesTheFluLast,HowLongFlu,HowLongIsFluContagious,HowLongIsTheFluContagious,HowLongIsTheFlu,HowToGetRidOfTheFlu,HowToTreatFlu,HowToTreatTheFlu,HumanTemperature,IHaveTheFlu,IncubationPeriodForFlu,IncubationPeriodForTheFlu,InfluenzaAAndB,InfluenzaA,InfluenzaContagious,InfluenzaIncubationPeriod,InfluenzaIncubation,InfluenzaSymptoms,InfluenzaTreatment,InfluenzaTypeA,IsFluContagious,LowBody,MedicineForFlu,MedicineForTheFlu,NormalBodyTemperature,NormalBody,Oscillococcinum,OverTheCounterFluMedicine,OverTheCounterFlu,PainfulCough,Pneumonia,RapidFlu,ReduceAFever,ReduceFever,RemediesForFlu,RemediesForTheFlu,RespiratoryFlu,Robitussin,SignsOfFlu,SignsOfTheFlu,SinusInfections,Sinus,StrepThroat,Strep,SymptomsOfBronchitis,SymptomsOfFlu,SymptomsOfInfluenza,SymptomsOfPneumonia,SymptomsOfTheFlu,TakingTemperature,Tessalon,TheFluVirus,TheFlu,Thermoscan,TreatFlu,TreatTheFlu,TreatingFlu,TreatingTheFlu,TreatmentForFlu,TreatmentForTheFlu,Tussin,Tussionex,TypeAInfluenza,UpperRespiratory,WalkingPneumonia,WhatToDoIfYouHaveTheFlu,FluVisits
2009-06-29,2009-07-05,36,20,43,27,11,22,16,7,3,8,4,5,15,3,5,18,2,29,7,36,21,15,15,19,13,7,22,9,5,3,8,5,16,12,15,10,15,6,4,7,8,10,9,7,3,13,16,9,12,4,2,6,6,8,6,8,4,5,9,7,43,11,8,3,6,3,3,4,10,12,13,37,5,5,6,7,36,6,12,7,8,13,30,3,52,4,8,33,45,7,14,11,10,33,8,27,19,6,6,9,22,6,4,27,44,36,43,15,6,8,19,4,26,23,3,3,34,6,5,4,16,6,13,25,34,30,25,24,15,180
2009-07-06,2009-07-12,25,19,40,31,10,21,11,6,8,8,7,6,13,3,1,19,5,35,12,21,16,13,15,18,7,6,20,7,4,4,7,6,14,17,15,13,16,7,4,8,8,10,6,9,8,8,10,7,7,3,3,6,5,7,7,8,7,4,7,5,38,9,7,4,7,3,2,5,5,18,7,46,7,6,10,8,25,5,7,6,11,15,27,4,53,6,5,26,36,5,6,7,19,33,5,23,14,3,6,6,21,6,6,26,42,34,40,12,5,7,18,4,23,23,4,3,25,12,9,13,16,7,8,27,32,27,28,29,9,115
2009-07-13,2009-07-19,24,30,45,20,12,20,20,6,6,8,4,6,11,3,2,17,8,29,9,24,7,11,13,13,7,6,20,9,5,7,9,6,13,16,13,5,14,7,5,6,6,10,7,7,6,10,9,6,6,3,3,7,7,7,6,8,4,9,6,9,38,12,7,4,7,3,2,4,4,10,9,32,8,5,5,8,24,2,10,8,9,11,25,5,56,8,7,34,45,9,6,7,19,32,11,15,17,7,6,13,19,5,7,28,43,32,39,15,6,6,14,4,30,18,4,3,23,8,11,12,16,6,9,24,28,25,25,25,9,132
2009-07-20,2009-07-26,23,19,40,15,10,19,12,7,10,15,3,5,14,3,2,14,2,18,9,18,17,14,12,18,4,7,14,8,5,5,8,5,13,7,12,14,16,6,3,8,8,10,4,8,10,14,7,7,9,5,2,6,8,7,5,15,3,9,6,5,39,9,7,5,6,2,3,5,6,8,7,28,4,7,6,8,23,5,10,10,7,10,26,2,53,10,6,30,40,8,8,6,12,32,20,23,12,7,11,6,18,6,4,27,44,30,35,15,5,6,16,4,22,18,4,3,13,5,6,7,8,5,12,21,26,26,29,24,13,109
2009-07-27,2009-08-02,27,21,44,20,11,19,17,8,10,15,6,5,11,3,5,17,5,28,12,30,13,11,15,14,6,8,23,11,7,7,9,5,14,15,15,16,23,7,6,7,8,9,5,10,10,16,10,8,8,3,4,7,7,8,9,15,6,7,6,5,40,9,6,4,7,4,2,4,4,9,5,38,8,7,4,11,27,2,8,8,7,16,21,4,49,5,5,40,47,10,9,8,9,34,17,19,14,8,7,10,20,7,6,28,43,30,36,12,6,6,14,5,33,17,6,4,23,8,10,6,8,8,12,33,29,21,27,30,9,120
2009-08-03,2009-08-09,28,23,39,8,6,18,13,8,7,8,4,4,8,2,4,21,6,30,12,32,20,8,16,13,13,8,15,10,6,7,5,4,10,12,16,5,18,7,8,6,6,10,5,7,7,16,16,10,7,6,2,7,8,8,6,8,4,9,5,5,37,10,6,4,7,2,6,5,6,6,5,27,8,5,15,7,28,2,5,6,6,19,13,3,56,5,9,27,36,8,9,10,9,33,18,13,14,4,7,9,19,5,6,24,42,31,38,12,5,7,13,5,31,19,4,3,19,6,4,8,8,9,16,18,30,13,26,26,17,115
2009-08-10,2009-08-16,29,22,41,35,10,17,15,7,10,8,6,5,12,6,6,21,6,26,15,23,5,12,14,9,6,7,22,11,7,9,8,5,16,10,14,19,20,6,5,5,6,38,9,13,10,13,10,16,12,5,2,7,11,11,3,7,6,6,5,3,32,10,6,3,6,4,3,6,6,10,10,39,7,7,6,10,29,5,8,6,6,14,21,4,52,17,8,31,43,16,17,15,9,33,11,25,13,11,14,7,20,7,4,27,44,29,37,16,7,8,13,6,23,20,5,4,33,9,7,11,8,11,10,28,32,21,17,25,13,123
2009-08-17,2009-08-23,29,20,43,32,9,20,20,10,13,22,9,5,14,4,3,14,8,37,14,25,21,14,19,12,8,10,22,16,8,10,10,4,16,24,19,5,26,8,7,5,7,19,6,9,13,10,15,10,10,7,4,8,10,10,8,22,9,4,10,3,41,8,8,4,8,3,3,4,11,9,8,31,8,6,5,8,29,4,6,3,7,20,13,4,52,12,5,34,44,13,8,8,12,33,19,14,15,10,9,9,19,9,10,27,45,34,40,18,7,8,14,5,33,20,5,5,37,10,7,5,8,9,10,24,29,13,23,27,14,205
2009-08-24,2009-08-30,27,19,52,27,7,22,16,13,16,19,8,8,14,5,4,20,11,40,26,26,12,14,24,10,17,13,26,27,16,10,8,8,22,17,24,26,30,12,13,9,9,9,17,13,16,13,22,19,15,8,4,15,15,12,14,19,8,14,12,10,40,9,11,8,12,3,4,10,11,13,17,48,9,9,12,16,27,4,15,11,11,27,29,5,50,12,6,49,51,16,9,13,21,36,26,22,16,15,19,13,20,17,13,27,46,33,38,18,15,9,18,13,39,19,10,9,37,11,14,15,15,13,18,26,43,29,27,26,17,454
2009-08-31,2009-09-06,34,28,59,38,12,25,18,20,19,12,17,12,16,6,5,27,16,46,28,38,34,16,31,14,15,20,34,40,22,16,16,12,23,29,31,33,35,20,14,13,13,24,26,17,19,31,19,17,19,12,11,20,20,18,19,12,17,20,15,16,40,13,18,12,20,8,5,13,9,23,21,58,21,13,15,20,34,4,14,11,12,34,38,9,56,16,16,56,60,22,26,22,13,40,24,24,21,19,14,20,25,23,22,31,48,35,43,17,20,10,17,17,46,26,15,12,47,20,13,27,25,20,34,35,38,38,37,32,14,628
2009-09-07,2009-09-13,27,32,66,49,18,28,23,27,19,27,26,13,23,8,8,22,26,51,36,42,31,23,38,22,40,27,35,48,23,21,13,13,35,34,38,35,37,23,20,14,16,28,22,28,19,30,22,26,27,10,8,23,21,21,24,27,26,9,22,12,43,13,24,17,23,6,4,14,25,41,33,73,29,16,25,25,27,11,15,18,18,36,41,11,68,24,18,61,68,24,19,17,18,42,38,37,20,21,16,21,29,29,22,37,50,38,42,27,21,12,24,19,39,25,14,13,48,35,32,27,38,20,32,42,44,41,40,34,25,687
2009-09-14,2009-09-20,33,34,73,53,20,33,23,28,24,32,35,20,24,7,9,42,22,66,41,35,28,24,48,15,18,28,49,48,31,23,24,20,39,44,48,52,47,28,29,22,21,35,32,28,24,37,31,29,36,11,8,25,26,22,19,32,35,20,28,20,49,17,30,21,28,10,9,17,27,32,40,77,33,20,25,20,33,6,21,16,23,36,42,12,79,27,26,70,73,35,23,20,17,49,49,29,21,28,15,24,34,29,27,37,54,43,47,29,24,31,24,23,37,32,20,15,47,30,37,25,29,22,34,30,50,42,47,36,34,821
2009-09-21,2009-09-27,41,38,77,39,15,38,29,36,36,25,43,21,27,8,16,35,31,50,62,56,42,27,50,19,24,36,55,57,42,24,46,21,48,55,50,47,49,31,41,35,30,43,37,31,36,42,42,30,31,15,8,27,28,22,15,25,43,28,18,24,51,20,30,16,31,11,10,19,20,22,27,88,34,30,30,22,41,7,16,17,25,35,56,15,83,25,20,65,76,48,21,26,19,52,33,31,25,32,25,20,40,30,28,48,56,42,48,43,27,17,31,24,55,34,20,16,49,27,25,36,43,26,34,35,53,56,45,44,45,1025
2009-09-28,2009-10-04,44,33,81,69,22,40,35,36,37,30,48,21,26,8,10,45,28,68,50,55,59,26,57,22,33,36,60,63,49,29,45,21,58,52,57,39,56,39,51,39,35,49,28,35,37,19,30,33,31,16,9,29,28,28,26,30,48,28,32,32,54,20,36,20,39,13,11,21,25,50,33,91,37,32,40,40,44,9,26,24,25,36,78,16,84,26,20,70,74,69,37,45,20,59,46,33,29,31,20,19,42,33,31,53,58,47,53,39,28,17,36,26,67,36,23,19,49,37,28,36,36,30,42,40,67,78,44,47,56,1338
2009-10-05,2009-10-11,51,51,77,46,24,43,35,43,49,41,52,31,34,10,10,54,40,56,62,53,78,34,66,26,52,42,75,75,67,52,56,31,57,59,66,60,61,44,54,45,39,52,44,41,49,37,32,38,47,14,9,31,37,32,34,41,52,44,31,36,61,23,42,25,44,17,14,31,30,32,39,93,58,39,38,35,51,6,16,18,31,40,77,25,85,34,29,64,75,67,33,49,31,65,51,31,35,37,17,24,39,37,35,49,60,47,52,45,30,21,40,28,62,38,25,24,64,38,44,35,64,33,51,45,64,77,45,53,58,1620
2009-10-12,2009-10-18,63,38,88,76,30,48,34,45,48,39,59,39,38,11,17,64,48,89,63,59,90,38,78,36,37,45,89,92,89,57,64,39,75,71,78,55,68,57,83,57,47,73,35,47,48,55,47,50,58,16,10,35,36,35,34,39,59,40,38,57,74,29,49,33,57,23,14,36,44,66,60,100,66,53,52,21,63,11,24,19,34,44,94,28,89,42,42,84,92,60,41,51,23,69,37,37,47,55,32,37,40,51,50,59,60,48,52,44,35,26,43,32,71,36,26,26,73,57,55,74,65,37,46,43,63,94,44,57,82,2078
2009-10-19,2009-10-25,70,51,100,88,29,54,39,55,57,86,82,48,47,14,20,84,53,94,93,70,99,47,96,38,59,55,94,100,100,87,98,48,100,97,96,78,81,67,100,70,60,71,51,58,57,46,70,58,49,19,12,44,47,46,52,86,82,58,43,61,87,36,62,32,67,31,17,39,30,60,50,93,69,69,71,51,70,11,45,28,36,68,100,37,99,51,48,100,100,95,46,68,30,77,83,51,50,51,40,43,51,59,50,67,62,52,55,59,44,42,55,38,95,35,36,34,89,58,53,89,56,53,78,35,62,100,57,64,54,2862
2009-10-26,2009-11-01,53,52,96,44,30,55,44,53,68,69,73,50,46,14,20,65,56,91,98,65,99,46,100,36,62,53,100,97,91,100,100,50,100,100,100,57,80,72,86,70,59,48,57,50,68,73,43,61,64,19,11,41,41,44,40,69,73,47,36,50,81,37,62,32,72,32,20,39,33,80,65,99,77,55,70,39,53,12,15,17,37,46,77,34,97,49,40,88,94,84,44,48,27,73,45,58,44,55,49,31,48,58,57,63,59,52,56,65,41,35,57,39,76,38,36,33,81,71,68,100,81,44,81,55,66,77,50,59,77,2926
2009-11-02,2009-11-08,43,48,88,58,30,54,48,56,56,87,71,37,39,12,11,59,47,89,70,59,65,39,83,35,58,56,84,73,71,70,79,37,90,74,83,66,69,60,71,51,43,42,37,48,55,53,49,45,62,16,7,33,32,41,33,87,71,47,44,57,68,35,51,27,60,26,14,36,46,47,55,85,63,45,34,29,43,8,18,13,33,37,63,29,90,46,24,90,94,87,31,47,30,75,53,34,39,48,21,23,50,40,42,67,64,52,56,59,31,35,56,31,74,40,27,25,69,49,52,68,53,41,53,46,73,63,58,64,72,2414
2009-11-09,2009-11-15,35,31,79,69,17,53,37,43,42,62,56,28,43,9,13,52,40,83,54,53,38,43,66,28,38,44,70,55,53,63,57,29,77,66,66,39,59,43,56,34,29,50,35,35,42,56,39,36,40,8,6,23,19,32,29,62,56,37,25,38,63,26,41,22,43,18,13,29,32,34,24,67,53,29,28,33,35,4,21,11,21,46,46,20,99,33,29,72,78,70,37,36,24,68,25,46,41,45,18,26,48,30,26,66,63,52,54,59,23,28,50,22,62,42,20,19,80,31,31,28,32,31,38,57,54,46,53,61,43,1908
2009-11-16,2009-11-22,23,46,74,51,19,48,32,36,35,44,45,23,31,5,5,27,28,68,41,55,27,31,44,20,33,36,58,34,38,30,43,23,51,48,44,41,45,31,40,27,23,36,25,23,35,45,25,26,29,8,5,17,16,17,21,44,45,22,22,23,51,26,35,19,31,16,11,16,19,26,19,68,37,15,18,10,23,10,12,8,16,22,25,15,85,21,18,62,70,53,18,20,16,69,26,42,42,23,10,14,44,22,20,69,64,47,51,58,16,16,42,16,48,33,14,14,60,23,17,34,30,17,33,45,70,25,59,56,40,1344
2009-11-23,2009-11-29,18,32,61,45,15,41,30,23,26,42,31,17,29,5,7,28,23,56,17,50,22,29,33,19,17,23,49,21,22,16,39,17,40,33,33,22,32,21,22,17,14,28,14,12,26,31,20,23,28,8,3,11,11,13,15,42,31,10,19,13,44,24,19,11,21,13,8,9,22,23,12,69,26,11,15,12,18,4,6,6,11,25,14,14,68,19,15,52,57,56,28,20,18,54,19,35,26,14,9,14,43,15,10,59,54,43,47,42,11,10,36,10,45,26,11,8,62,21,15,23,31,14,18,43,49,14,43,43,28,965
2009-11-30,2009-12-06,16,38,61,45,11,44,35,27,28,30,30,12,18,5,6,28,15,49,18,58,13,18,27,17,26,27,32,18,22,17,31,12,26,27,27,13,24,17,20,13,9,12,14,15,28,14,17,22,18,4,3,9,8,11,14,30,30,9,12,11,35,17,21,13,17,10,8,12,11,18,19,64,20,9,15,4,16,4,8,7,14,22,16,11,69,20,17,56,65,46,16,14,26,56,17,25,22,16,14,10,46,14,16,66,63,49,53,42,9,18,40,9,43,40,10,8,49,17,24,12,11,15,26,47,55,16,53,53,22,595
2009-12-07,2009-12-13,11,36,56,48,11,39,29,25,18,22,29,9,25,3,3,12,10,51,10,51,9,25,23,13,8,25,33,14,14,11,16,9,26,19,23,20,22,12,15,8,6,32,15,15,18,15,21,17,24,4,2,7,5,9,14,22,29,7,17,14,33,13,14,7,12,4,3,8,11,14,9,67,15,6,6,12,11,2,7,6,8,18,14,5,70,16,12,45,54,38,14,7,21,51,10,28,23,17,17,8,42,10,10,66,59,46,51,37,7,11,35,8,35,37,9,6,45,12,9,14,16,11,12,45,57,14,37,51,7,442
2009-12-14,2009-12-20,9,42,53,29,9,37,36,21,23,18,23,10,18,4,8,21,14,44,9,56,6,18,21,14,18,21,28,14,15,9,21,10,21,18,21,6,18,12,15,7,5,11,7,13,23,9,9,15,22,3,1,6,4,10,11,18,23,6,7,17,37,16,10,7,12,7,3,9,12,13,17,47,19,3,10,8,9,2,7,4,8,17,12,8,58,10,8,39,46,30,15,8,19,50,7,24,14,16,16,8,36,7,4,73,60,48,51,31,6,12,34,7,32,33,10,6,35,15,14,10,21,9,15,41,54,12,38,46,13,436
2009-12-21,2009-12-27,5,33,46,52,14,35,35,22,22,25,23,12,26,3,3,23,7,43,11,62,9,26,18,16,8,23,25,13,13,17,22,12,20,24,18,7,22,11,14,6,5,10,10,13,22,4,25,18,15,2,1,6,3,9,5,25,23,11,13,7,38,20,12,7,11,9,8,13,17,17,19,36,13,4,6,5,5,5,7,5,8,9,4,9,61,13,5,35,44,33,13,11,17,45,5,28,20,22,20,11,37,9,10,76,60,46,47,32,5,8,28,5,31,38,3,4,49,18,18,10,17,10,16,38,60,4,37,47,14,405
2009-12-28,2010-01-03,5,48,48,32,9,42,45,24,26,24,29,10,27,4,5,15,9,41,10,54,8,27,18,14,11,24,35,10,9,12,16,10,18,22,18,15,26,10,11,7,5,20,12,11,26,20,21,22,23,2,3,6,3,11,3,24,29,16,12,8,37,17,13,10,10,5,5,7,10,14,11,41,15,7,10,5,5,2,4,3,7,4,4,7,70,13,8,40,46,35,19,12,20,53,7,25,11,18,12,10,45,9,10,89,73,48,49,40,5,6,40,6,38,38,5,4,32,16,10,11,21,9,9,51,87,4,41,48,19,344
2010-01-04,2010-01-10,5,31,57,45,12,43,41,29,20,22,23,9,20,4,5,18,10,32,16,57,4,20,15,18,14,29,20,9,11,6,15,9,17,17,15,4,19,8,11,5,4,12,9,11,20,16,25,18,15,2,1,5,3,9,8,22,23,6,10,13,36,16,11,6,8,5,6,6,7,15,12,54,17,3,5,6,5,4,5,5,9,19,10,6,68,15,9,44,49,34,13,14,18,56,7,18,17,22,17,8,46,7,7,99,74,46,50,40,5,11,41,6,29,39,7,5,44,14,14,16,13,10,20,49,66,10,48,62,15,276
2010-01-11,2010-01-17,7,27,58,64,13,38,36,18,15,15,14,8,19,3,6,13,11,42,7,49,4,19,12,16,12,18,16,5,8,7,9,8,14,17,12,20,15,8,10,4,3,12,8,10,15,11,15,15,16,3,1,4,3,8,5,15,14,11,9,13,33,16,12,4,8,4,5,7,17,11,11,61,9,4,11,10,7,2,5,4,6,11,9,6,68,11,17,45,57,25,8,10,31,50,7,20,20,13,5,8,39,5,7,91,67,47,49,38,4,7,33,4,38,31,7,4,41,9,12,13,11,9,19,30,53,9,39,49,11,280
2010-01-18,2010-01-24,7,26,50,31,10,37,29,15,15,9,14,7,23,3,6,25,7,62,12,48,9,23,14,17,9,15,16,6,7,5,9,8,15,15,14,11,14,8,9,4,3,8,4,8,15,8,15,15,12,1,1,4,3,7,5,9,14,10,11,6,36,15,8,4,8,5,3,6,5,16,16,53,9,4,9,5,7,2,3,5,5,9,4,4,72,8,8,39,49,27,34,10,23,49,3,9,17,10,15,7,39,5,7,79,61,48,53,36,4,5,35,4,31,37,5,3,31,11,18,12,13,6,9,32,56,4,39,46,18,261
2010-01-25,2010-01-31,7,37,58,59,15,39,31,16,17,8,14,5,27,2,4,27,7,55,6,43,5,28,14,15,5,16,16,6,7,5,4,5,15,12,14,8,17,7,8,3,3,12,5,9,17,5,23,16,15,1,1,4,2,7,7,8,14,10,9,9,35,15,7,8,7,3,3,5,9,8,11,65,8,2,5,4,7,2,6,5,9,13,9,4,70,10,10,44,57,27,5,11,20,52,7,24,20,17,9,9,36,4,3,81,65,52,54,40,4,4,37,4,42,31,5,3,43,10,12,7,13,7,12,32,49,9,37,51,7,238
2010-02-01,2010-02-07,8,35,58,50,10,41,37,19,14,14,18,7,26,2,5,23,7,40,4,41,6,26,10,14,7,19,12,6,6,8,10,7,11,10,10,8,12,6,8,3,2,13,3,8,14,12,9,13,13,2,2,3,3,7,8,14,18,6,14,8,36,15,7,4,6,4,2,5,11,10,7,70,11,2,3,10,8,2,4,2,10,28,6,5,75,17,19,45,60,29,12,10,15,61,9,32,19,13,11,3,43,5,5,81,68,54,58,38,3,19,40,4,36,30,6,3,48,11,7,8,16,7,13,43,54,6,36,51,9,263
2010-02-08,2010-02-14,6,40,57,29,12,43,32,20,15,16,19,6,21,3,5,24,6,42,8,50,4,21,12,14,6,21,17,5,7,4,9,6,15,20,12,6,18,7,7,3,2,10,5,11,15,9,18,16,10,2,1,3,2,7,7,16,19,10,11,13,38,17,8,4,7,3,2,4,14,15,13,55,7,2,6,10,6,2,3,5,8,8,9,3,69,14,15,41,61,21,5,7,22,57,6,21,23,10,13,6,39,4,6,91,67,56,58,42,3,13,44,4,28,36,6,3,31,11,10,10,9,4,10,37,63,9,46,53,10,262
2010-02-15,2010-02-21,6,49,56,50,13,44,40,16,10,8,16,7,23,3,4,25,5,58,6,53,7,23,12,15,10,16,17,6,5,6,16,7,9,11,12,12,17,7,7,2,2,8,7,10,10,8,28,15,15,1,2,3,3,7,8,8,16,15,8,10,35,17,9,7,7,4,3,5,11,7,10,60,7,2,3,4,6,2,3,4,6,9,13,5,77,8,10,38,60,22,13,7,23,60,4,26,19,15,9,11,42,5,4,100,73,56,59,50,3,5,38,4,29,34,7,3,36,7,13,16,19,8,19,42,52,13,45,53,11,275
2010-02-22,2010-02-28,7,42,57,50,10,48,38,17,15,9,14,5,21,2,5,28,7,39,4,57,6,21,11,12,14,17,22,5,5,5,7,5,13,10,11,4,14,6,5,3,2,13,8,10,15,10,18,12,9,3,1,3,2,5,6,9,14,13,11,9,37,16,9,4,6,2,2,3,8,7,5,52,8,3,3,9,7,2,3,10,8,19,10,3,70,13,14,41,58,21,14,9,15,59,13,19,22,12,6,4,36,5,4,91,72,60,62,48,3,8,42,4,32,40,6,3,43,6,3,7,6,6,15,40,47,10,46,52,7,287
2010-03-01,2010-03-07,10,40,56,53,17,44,30,15,12,22,17,6,22,2,4,23,6,57,8,47,7,22,11,9,8,15,19,5,5,2,5,6,10,13,11,8,12,6,7,2,2,15,5,6,12,9,14,14,13,3,1,3,2,6,7,22,17,11,7,10,40,17,6,3,6,3,3,6,9,8,7,50,7,1,9,12,10,2,6,5,7,20,11,4,67,8,10,44,61,18,5,7,30,59,8,19,18,14,13,8,38,4,4,83,68,59,61,32,3,5,33,3,26,35,8,3,44,9,10,6,6,4,15,37,52,11,48,54,7,278
2010-03-08,2010-03-14,9,44,56,39,9,42,30,16,15,9,12,4,21,2,3,23,6,46,6,40,6,21,10,15,8,16,16,4,4,4,6,4,12,8,10,6,10,5,6,2,2,8,4,7,15,3,16,14,10,2,1,2,2,6,6,9,12,12,15,10,38,17,6,4,5,3,2,4,12,7,6,54,10,3,5,8,9,2,6,4,8,12,7,4,75,10,10,40,56,16,8,7,25,54,3,24,17,14,8,3,35,4,7,93,71,61,66,39,2,13,36,3,34,36,5,3,36,5,11,14,16,5,10,37,53,7,46,52,7,268
2010-03-15,2010-03-21,7,34,51,23,14,40,28,13,7,9,12,5,21,2,2,17,6,31,6,36,9,21,10,9,8,13,13,4,4,3,3,5,7,9,10,6,11,5,6,2,2,8,7,6,7,9,11,12,8,2,1,2,2,5,7,9,12,9,6,11,37,16,5,2,5,3,1,3,7,8,3,54,7,2,3,4,7,2,3,5,8,16,8,3,61,9,8,36,54,20,10,2,21,52,3,18,16,12,12,5,36,3,5,89,67,61,64,38,2,8,33,3,25,38,5,2,36,7,8,5,13,8,9,36,52,8,38,43,12,201
2010-03-22,2010-03-28,10,32,50,19,14,40,29,11,9,6,9,4,19,2,3,28,6,44,6,46,3,19,7,15,10,11,14,5,3,2,8,4,8,10,7,8,12,5,3,1,1,16,3,6,9,6,15,11,12,2,1,2,2,4,2,6,9,4,6,11,36,14,5,3,5,2,1,2,4,6,8,52,7,1,4,8,10,4,5,2,7,13,7,3,64,5,8,34,50,16,7,6,13,50,4,21,19,17,9,3,32,3,2,84,67,58,62,38,2,9,32,2,33,36,5,2,18,5,6,11,15,5,10,44,52,7,46,47,7,152
2010-03-29,2010-04-04,8,38,49,26,10,37,25,11,11,13,9,3,18,2,2,31,4,37,3,41,4,18,9,15,10,11,8,2,3,4,5,3,8,9,9,4,6,4,4,2,1,16,3,6,11,3,21,7,9,1,1,2,1,4,9,13,9,8,5,11,36,15,4,3,4,2,1,2,9,10,4,55,6,1,5,10,8,2,7,4,7,6,4,3,66,6,12,39,51,11,10,4,10,49,3,27,23,6,7,6,33,2,4,77,61,54,58,44,2,9,29,2,34,31,4,2,37,6,4,7,7,3,11,32,46,4,38,49,7,124
2010-04-05,2010-04-11,9,34,48,34,12,33,27,7,6,6,10,3,16,1,2,12,2,27,8,38,7,16,9,12,4,7,12,3,3,6,7,3,10,4,9,4,11,4,4,1,1,8,3,3,6,6,6,9,11,1,1,2,1,5,5,6,10,9,7,7,33,13,4,3,4,2,2,1,7,8,10,59,3,1,3,12,9,2,3,2,6,19,10,3,59,4,4,32,55,11,7,5,13,43,7,9,17,6,7,5,30,2,3,69,59,52,57,31,1,11,27,2,29,35,5,2,29,5,10,4,7,4,9,33,45,10,40,43,7,93
2010-04-12,2010-04-18,8,31,47,18,9,32,22,8,4,10,7,3,14,2,2,22,2,27,2,32,4,14,6,9,5,8,12,2,2,3,4,3,8,6,6,6,4,4,4,1,1,8,5,4,4,8,11,7,10,1,2,1,1,3,6,10,7,5,11,10,35,12,4,4,4,1,2,3,14,6,5,56,3,1,6,4,8,6,3,2,7,15,2,3,60,5,6,33,48,10,9,4,7,42,3,15,16,7,9,5,29,1,2,66,57,52,57,29,1,11,26,2,24,28,5,2,21,4,3,3,6,3,13,30,39,2,39,32,7,70
2010-04-19,2010-04-25,10,28,52,22,9,30,19,8,7,6,8,2,16,2,2,22,3,36,7,35,3,17,8,8,3,8,12,3,2,3,4,2,4,8,8,6,9,3,2,1,1,8,3,3,7,4,5,6,6,1,1,1,1,3,3,6,8,4,5,6,36,12,2,1,3,2,3,3,6,6,11,62,5,1,6,6,10,2,3,2,5,14,6,3,75,2,11,35,53,9,5,4,17,42,5,27,13,7,4,5,30,3,3,62,55,51,57,28,1,10,21,2,31,30,4,2,27,4,8,5,6,5,20,30,31,6,34,36,7,67
2010-04-26,2010-05-02,7,27,50,29,11,32,20,8,8,6,10,2,16,2,2,23,5,36,6,34,3,16,6,24,7,8,8,2,2,4,2,2,5,3,6,6,8,3,3,1,0,8,3,4,8,3,8,5,4,1,1,1,1,3,6,6,10,8,6,6,40,12,4,2,3,1,2,3,5,5,6,66,6,1,3,4,7,4,3,2,7,12,2,2,58,3,4,34,56,11,7,4,15,40,4,23,23,4,5,2,29,2,4,59,56,53,58,25,1,10,22,1,25,27,4,2,35,5,6,6,7,3,10,22,38,2,33,30,7,61
2010-05-03,2010-05-09,8,29,47,25,13,29,16,7,3,6,3,2,16,1,2,20,5,38,3,34,4,16,7,25,5,7,16,4,2,3,7,2,5,4,7,6,9,3,3,1,1,16,3,3,3,3,7,6,7,1,1,1,2,4,5,6,3,6,6,5,38,13,3,3,3,1,1,2,6,8,8,46,6,1,3,4,8,2,3,3,7,15,4,2,62,5,6,31,48,5,10,3,23,41,7,18,22,2,5,6,24,1,1,63,54,52,57,31,1,17,18,1,24,23,5,2,20,6,5,4,7,3,5,35,39,4,33,34,7,45
2010-05-10,2010-05-16,6,23,45,13,8,28,22,7,8,6,5,2,13,1,2,22,3,29,5,34,5,12,5,12,4,7,7,2,2,2,3,2,4,6,5,7,5,2,2,0,1,8,3,4,8,3,8,8,5,2,1,1,1,3,3,6,5,4,6,5,41,12,2,2,2,2,2,2,8,3,7,45,6,1,7,4,6,2,3,3,6,10,8,1,59,4,4,28,48,15,7,5,13,38,5,35,19,7,7,2,27,1,2,64,54,53,59,30,1,8,20,2,39,20,4,1,13,4,5,8,7,3,13,34,38,8,27,32,7,55
2010-05-17,2010-05-23,6,37,42,36,17,29,22,7,5,9,5,1,16,1,3,19,5,31,3,31,3,16,6,18,4,7,13,3,2,3,2,1,4,3,6,4,7,2,2,1,1,16,5,4,5,3,11,6,6,1,1,1,1,4,4,9,5,4,7,5,41,12,3,2,2,1,1,2,9,3,3,45,3,1,5,4,6,2,3,4,5,17,3,1,61,3,6,31,44,11,10,4,18,39,5,18,20,8,5,4,26,2,3,67,52,55,60,25,1,6,22,2,26,29,3,2,32,3,7,5,7,3,11,32,37,3,26,34,7,50
2010-05-24,2010-05-30,6,25,41,15,13,27,16,6,9,11,3,1,14,1,1,27,3,17,5,36,3,14,6,15,4,6,7,2,1,4,2,1,5,3,6,6,8,2,2,1,0,8,4,5,9,4,6,6,4,1,1,1,1,2,2,11,3,4,5,6,35,12,2,1,2,1,1,1,5,5,5,47,4,1,3,11,6,2,3,5,3,8,4,2,54,4,4,25,41,8,5,3,28,36,3,22,16,6,5,2,23,2,2,58,49,50,53,25,1,4,20,2,34,28,2,1,21,3,4,3,7,3,6,26,31,4,30,30,8,38
2010-05-31,2010-06-06,4,25,40,30,8,24,22,8,4,14,2,2,19,1,1,17,3,30,4,25,3,19,7,14,4,8,9,1,2,6,4,2,4,7,7,9,6,3,2,0,1,8,3,3,4,4,6,4,4,1,1,1,1,3,4,14,2,4,5,6,41,12,3,2,3,2,1,2,7,8,5,52,3,1,5,4,4,2,7,3,4,11,5,1,46,3,4,33,40,9,8,4,8,35,3,16,24,4,7,4,21,2,2,56,46,46,52,21,1,7,18,1,36,19,2,1,38,4,4,7,14,4,6,32,31,5,34,30,8,31
2010-06-07,2010-06-13,5,17,40,26,10,22,13,5,3,7,2,1,17,1,3,19,2,27,4,30,4,17,7,9,4,5,11,2,1,4,2,1,4,4,7,4,7,2,2,1,1,8,3,5,3,5,12,5,5,1,1,1,1,3,2,7,2,4,6,3,41,12,3,3,2,1,1,2,8,3,3,32,3,1,3,4,5,2,3,3,4,5,3,1,57,5,4,30,39,7,8,9,24,33,3,9,19,6,5,5,21,2,2,47,46,46,49,19,1,6,19,1,35,23,2,1,28,4,3,8,7,2,11,23,23,3,28,27,8,27
2010-06-14,2010-06-20,3,19,37,27,12,20,20,6,4,7,3,1,12,1,3,17,2,33,4,25,5,12,6,17,4,6,13,1,1,4,2,1,4,3,6,8,7,2,2,0,0,17,3,5,4,4,15,6,5,2,1,1,1,3,2,7,3,8,3,3,38,12,2,1,2,1,1,1,7,3,4,41,4,1,3,4,3,2,3,3,3,9,3,1,52,4,6,26,37,9,15,3,8,31,3,21,22,5,7,2,21,1,2,54,45,41,44,18,1,2,13,1,26,22,1,1,34,2,5,3,7,2,14,16,23,3,27,29,0,23
2010-06-21,2010-06-27,4,16,40,25,8,21,17,5,5,10,3,1,15,1,1,30,2,30,3,22,6,15,5,18,4,5,6,2,1,6,4,1,5,5,5,4,5,2,2,1,0,8,3,3,5,5,12,6,7,1,1,1,1,2,2,10,3,4,3,8,43,11,2,2,2,1,1,1,7,4,5,37,2,1,3,4,4,2,3,3,3,9,4,1,54,4,4,30,43,6,5,2,12,31,3,17,18,4,10,2,21,2,2,44,43,39,45,19,1,2,14,1,32,19,2,1,20,3,5,4,6,2,6,15,32,4,27,28,0,26
2010-06-28,2010-07-04,3,25,36,19,8,21,23,5,3,7,2,1,13,1,1,12,3,27,6,27,6,13,6,10,5,5,8,2,1,2,4,1,5,4,6,4,5,2,1,0,0,8,3,3,3,5,9,7,9,1,1,1,1,2,2,7,2,6,3,4,38,13,2,1,2,3,2,3,3,4,7,28,4,1,3,4,3,2,3,2,3,6,3,1,50,5,4,24,40,8,5,2,13,29,4,13,12,7,5,2,19,1,1,43,41,39,45,15,1,4,13,1,26,20,2,1,23,2,3,4,6,4,5,16,27,3,28,22,0,29
2010-07-05,2010-07-11,3,22,45,12,10,19,15,5,1,6,4,2,13,1,1,23,2,26,4,21,6,13,6,23,5,5,8,1,1,3,2,2,4,4,6,8,5,1,2,0,0,8,2,1,1,3,5,6,6,0,1,1,1,2,2,6,4,11,4,4,45,12,2,1,1,1,1,1,5,2,6,45,3,1,3,8,3,2,5,2,2,5,2,2,52,3,5,27,39,9,7,2,11,31,3,15,20,5,9,3,20,1,1,38,41,40,45,19,1,4,13,1,20,23,2,1,12,3,3,3,6,1,5,17,26,2,26,26,0,29
2010-07-12,2010-07-18,3,19,40,25,13,19,14,5,5,6,4,1,12,1,1,17,3,25,4,23,5,12,6,18,5,5,7,1,1,2,2,1,6,2,6,7,4,2,1,0,0,7,2,2,5,5,9,4,6,1,1,1,1,2,2,6,4,3,3,2,37,12,2,1,2,1,1,1,7,3,4,42,2,1,3,4,3,2,6,2,3,8,3,1,49,4,5,30,45,9,9,2,9,30,2,29,18,4,4,3,17,1,2,30,40,39,45,19,1,7,13,1,33,23,1,1,24,2,4,5,6,1,5,17,25,3,26,24,0,26
2010-07-19,2010-07-25,3,25,41,19,9,18,14,3,3,6,1,1,12,1,1,24,4,24,2,26,5,12,5,12,3,3,9,1,2,2,2,1,5,2,5,7,8,2,2,0,0,7,2,4,3,4,13,4,2,1,1,1,1,2,2,6,1,3,7,3,41,12,2,1,2,1,1,1,5,6,4,39,3,1,3,4,3,3,3,2,2,9,3,2,51,5,5,31,44,5,7,2,12,30,2,22,15,5,6,3,19,1,1,12,41,37,46,16,1,2,16,1,22,19,2,1,19,4,3,4,6,3,5,16,25,3,21,23,0,22
2010-07-26,2010-08-01,3,18,40,11,10,18,17,4,3,6,2,2,12,1,2,18,3,25,3,27,3,12,4,12,3,4,6,2,1,3,5,2,5,2,4,4,7,2,2,0,0,7,2,4,3,3,5,4,4,1,1,1,1,2,2,6,2,3,5,4,41,10,2,3,2,1,2,1,4,3,3,41,3,1,3,4,3,4,3,2,3,6,2,1,56,4,7,30,42,10,4,2,7,31,2,21,19,6,4,5,16,2,3,17,41,37,43,17,1,4,14,1,35,20,2,1,17,3,4,5,6,1,5,27,24,2,26,24,7,23
2010-08-02,2010-08-08,2,18,37,11,13,18,19,5,4,6,1,2,10,1,2,17,6,34,5,25,3,10,5,27,5,5,7,2,1,3,2,2,4,4,5,4,5,2,1,0,0,7,2,4,4,5,5,4,3,0,1,1,1,3,4,6,1,7,4,4,38,11,2,2,2,1,2,3,6,5,6,38,4,1,3,4,2,3,3,2,2,6,5,1,56,5,7,28,39,7,4,4,9,30,2,22,17,7,6,2,18,1,2,14,40,35,42,15,1,4,15,1,27,15,2,1,11,2,4,4,6,2,5,34,25,5,25,25,7,27
2010-08-09,2010-08-15,3,25,42,30,13,19,21,5,4,6,4,1,13,2,2,11,3,22,6,27,4,13,6,17,6,5,9,3,2,2,4,1,5,6,6,4,7,2,2,0,0,7,2,3,4,7,10,4,5,1,1,1,2,2,4,6,4,3,4,5,38,11,2,1,2,1,1,2,9,4,6,39,5,1,3,5,3,2,3,2,3,6,4,1,50,4,7,34,42,10,4,2,9,29,5,25,18,4,8,4,20,1,1,16,42,36,42,15,1,4,12,2,24,13,2,1,28,2,2,2,6,2,9,17,28,4,26,25,6,27
2010-08-16,2010-08-22,3,19,41,17,11,19,17,6,4,6,3,1,13,1,2,19,4,22,2,28,5,13,5,15,3,6,8,2,1,2,2,1,5,4,5,4,8,2,1,0,0,7,4,4,4,5,12,4,10,1,2,1,1,3,3,6,3,7,6,7,38,11,3,2,2,1,1,1,4,3,4,37,4,1,3,4,3,2,3,2,4,8,2,1,51,3,4,31,40,6,4,3,16,29,2,11,15,8,6,2,22,2,2,15,43,37,41,15,1,3,14,1,32,19,1,1,15,2,4,2,6,3,5,26,33,2,27,30,6,29
2010-08-23,2010-08-29,3,21,44,29,6,19,25,7,3,5,4,1,15,1,2,23,3,40,5,26,3,15,6,16,3,7,10,4,1,2,2,1,4,6,6,3,6,3,2,0,0,7,5,4,3,6,5,7,6,1,1,1,1,3,3,5,4,8,5,5,35,10,4,4,3,1,1,3,3,5,11,41,3,1,3,4,3,2,4,2,4,9,2,1,45,4,4,33,48,11,4,4,17,31,2,23,19,10,6,3,21,2,3,20,47,39,46,19,1,6,13,1,32,27,1,1,27,3,5,3,6,3,8,26,25,2,29,29,6,36
2010-08-30,2010-09-05,3,24,43,22,15,23,21,10,6,11,4,2,13,2,2,19,2,32,5,26,4,13,8,20,6,10,10,4,1,3,4,2,5,5,8,5,5,4,1,0,0,10,6,5,6,3,12,4,6,2,1,1,1,3,4,11,4,6,4,7,39,11,5,2,4,1,2,3,8,3,7,42,3,1,3,3,3,2,5,2,3,16,2,1,45,6,5,34,49,9,4,3,11,33,2,14,18,4,4,2,21,2,3,18,48,43,48,21,1,4,16,1,25,18,2,2,26,4,7,5,6,3,12,25,27,2,34,27,6,45
2010-09-06,2010-09-12,4,25,50,20,11,26,26,10,7,6,6,2,14,1,2,21,2,25,6,35,6,14,7,17,5,10,10,7,3,3,6,2,5,5,7,6,10,4,2,0,0,7,4,6,7,3,15,6,6,2,1,1,2,2,6,5,6,3,7,3,41,10,6,4,4,1,2,5,13,3,6,60,3,1,3,4,4,2,6,3,3,12,2,2,56,5,7,43,54,13,4,5,20,35,2,37,20,8,5,2,27,2,3,19,50,42,46,18,1,4,19,2,34,28,3,3,18,4,3,2,8,3,5,27,33,2,27,31,8,34
2010-09-13,2010-09-19,4,21,54,25,20,29,23,13,8,11,8,3,16,2,4,20,5,29,6,38,9,16,9,24,6,13,13,8,3,4,3,3,10,8,9,7,8,7,3,1,1,13,5,8,8,7,17,10,6,2,1,1,2,3,3,11,8,8,13,10,38,14,7,4,7,2,2,6,9,5,6,61,8,2,3,5,4,2,4,2,5,12,4,3,53,9,7,45,58,16,8,7,21,42,7,25,16,9,12,3,31,3,3,21,54,46,50,32,1,5,23,2,27,24,2,3,21,5,4,5,11,3,9,27,34,4,34,36,12,54
2010-09-20,2010-09-26,5,33,55,25,20,32,28,17,11,7,7,3,17,2,4,29,5,39,6,41,4,17,10,24,7,17,9,9,5,4,5,3,10,7,10,8,12,7,3,1,1,9,6,6,11,6,12,9,10,2,2,2,2,4,4,7,7,5,8,10,41,13,8,5,7,1,2,6,8,7,3,71,10,1,3,6,5,2,3,2,6,10,5,2,53,10,3,44,60,17,5,5,15,44,3,31,24,7,10,2,31,4,6,20,58,48,53,32,1,8,20,2,37,31,3,3,24,6,3,9,11,4,11,35,30,5,40,35,6,47
2010-09-27,2010-10-03,5,27,55,12,19,33,25,17,13,14,9,4,14,3,5,18,7,38,8,40,5,14,10,19,12,17,12,10,5,6,6,4,9,8,10,10,11,8,4,1,1,9,7,9,13,8,17,9,9,3,2,2,2,5,2,14,9,3,9,9,37,13,7,5,8,2,2,5,9,7,8,61,9,1,3,7,5,2,3,2,5,14,3,2,55,9,11,45,59,21,6,5,13,45,4,23,15,8,13,5,30,3,5,22,55,48,51,35,1,6,23,2,38,34,4,4,20,6,7,4,5,5,9,34,43,3,30,40,15,49
2010-10-04,2010-10-10,6,34,54,21,9,33,37,17,7,8,8,4,16,2,5,18,4,40,6,40,2,16,12,16,6,17,17,11,6,6,4,4,11,10,12,13,13,7,5,1,1,10,5,11,7,9,17,12,10,2,2,2,3,5,5,8,8,8,10,14,38,13,8,4,7,2,3,6,9,7,6,67,12,2,4,8,6,3,5,4,7,21,2,4,60,9,3,38,50,31,9,7,9,47,3,13,21,10,8,6,32,5,4,20,56,49,52,32,2,9,24,3,28,28,4,5,21,8,10,11,6,4,7,39,47,2,38,41,24,65
2010-10-11,2010-10-17,5,41,48,14,15,36,31,13,13,9,11,4,18,2,3,15,6,31,6,40,3,18,12,21,13,13,17,11,7,8,2,4,11,4,12,9,13,7,5,1,1,10,4,11,13,8,14,12,8,2,2,2,3,3,2,9,11,12,9,16,30,12,8,4,7,2,3,5,7,5,5,59,11,1,3,3,5,2,5,4,5,11,3,4,57,10,14,33,54,30,9,6,11,49,7,24,17,12,10,4,33,4,5,19,55,49,53,32,2,7,27,3,34,33,4,5,33,4,7,7,13,4,7,28,42,3,43,41,9,59
2010-10-18,2010-10-24,5,40,52,34,13,39,31,18,18,18,10,5,17,3,3,21,8,37,7,54,6,17,12,14,6,18,15,10,5,7,3,5,9,7,12,7,16,8,4,1,1,9,6,12,18,3,11,11,17,1,2,2,3,4,4,18,10,20,14,6,36,15,8,6,8,2,3,6,14,7,5,62,12,1,12,3,5,2,4,2,8,15,3,4,56,11,5,41,59,33,5,9,17,50,4,17,18,10,7,4,41,4,6,20,56,52,56,35,2,8,28,4,28,30,6,5,31,6,7,6,5,4,8,44,39,3,41,47,8,70
2010-10-25,2010-10-31,7,34,49,27,16,37,32,19,15,18,13,5,14,2,3,25,7,35,6,39,5,14,10,22,6,19,15,9,6,7,4,5,14,7,10,7,18,6,5,1,1,13,2,8,15,8,22,12,11,2,2,2,3,3,7,18,13,8,9,18,40,13,7,6,6,3,4,5,9,10,7,64,15,1,4,8,7,3,8,10,7,19,5,4,57,12,11,39,56,29,6,7,16,49,7,37,19,14,12,9,39,3,7,20,52,54,59,35,2,8,29,3,40,28,4,4,27,9,6,8,9,4,8,35,39,5,38,51,6,75
2010-11-01,2010-11-07,6,29,50,25,12,38,29,19,13,10,12,5,15,2,3,20,11,34,6,38,6,15,13,23,7,19,19,11,6,8,2,5,15,5,13,7,18,7,5,1,1,11,6,12,13,9,23,13,13,3,1,2,3,5,4,10,12,13,11,13,39,14,6,4,7,3,4,4,9,11,10,67,16,2,3,9,6,5,4,4,9,15,6,6,57,12,11,39,54,23,6,7,10,50,4,11,18,17,12,5,38,4,6,22,56,57,62,32,2,10,26,3,39,39,4,4,20,10,10,9,10,6,11,30,43,6,38,54,10,86
2010-11-08,2010-11-14,7,37,51,22,14,38,34,18,15,15,7,5,20,3,5,26,9,37,8,37,7,20,13,26,8,18,14,10,6,4,4,5,12,8,13,13,13,8,4,1,1,6,6,12,15,5,12,15,11,2,1,2,2,5,3,15,7,12,16,12,41,15,8,8,8,3,2,6,12,11,7,62,14,1,5,3,7,2,3,2,5,18,3,4,62,10,12,35,54,37,13,9,14,53,4,24,24,16,9,5,41,4,6,24,60,57,61,33,2,11,32,3,40,32,4,4,24,7,10,9,8,5,14,35,41,3,44,52,9,103
2010-11-15,2010-11-21,8,32,56,28,13,41,32,19,19,5,10,5,16,3,6,21,10,30,6,38,6,17,12,26,15,19,17,8,6,4,5,5,14,5,12,9,16,8,6,1,1,13,5,13,19,4,12,17,9,2,2,2,2,5,5,5,10,13,9,12,44,16,9,6,8,3,3,5,8,13,10,61,12,1,4,8,8,3,4,4,8,25,7,4,64,11,9,34,51,26,13,10,14,53,6,21,28,15,10,4,47,4,6,26,59,64,64,37,2,12,34,5,36,36,6,4,20,10,12,10,10,6,8,45,42,7,43,58,9,122
2010-11-22,2010-11-28,4,32,43,35,17,37,34,17,16,6,6,7,16,3,5,17,9,39,6,50,6,16,11,25,11,17,12,5,5,4,5,7,9,9,11,12,14,8,5,2,2,7,5,11,16,7,18,14,16,1,1,2,2,5,8,5,6,10,18,15,38,18,8,7,8,5,3,6,18,12,9,44,11,2,5,5,4,3,5,5,6,17,5,6,50,16,16,32,44,29,14,11,27,47,5,20,17,13,12,6,51,4,4,21,53,59,61,41,2,8,29,4,40,31,5,4,30,9,10,6,6,6,5,42,47,5,39,45,10,140
2010-11-29,2010-12-05,7,33,56,23,16,43,41,20,17,15,14,7,22,3,6,31,6,41,8,51,8,22,12,25,11,20,19,7,6,5,7,7,11,9,12,6,18,9,5,2,2,16,7,12,18,6,27,20,20,2,1,2,2,6,6,15,14,13,18,9,41,18,7,7,9,6,5,7,17,15,13,58,11,2,3,6,7,3,7,3,9,21,4,6,59,13,11,40,59,39,11,11,14,59,5,41,25,20,8,4,50,5,8,26,62,63,65,41,2,15,35,4,29,32,6,4,33,13,15,5,10,6,12,41,52,4,42,58,11,138
2010-12-06,2010-12-12,8,35,57,28,13,41,37,24,10,5,11,7,21,3,8,31,8,39,8,51,8,21,14,27,16,24,16,6,5,5,8,7,12,9,14,12,10,8,6,1,1,6,5,13,10,4,24,19,18,2,2,2,3,6,5,5,11,12,17,15,38,15,9,6,8,6,5,8,13,16,18,53,11,2,7,6,8,4,5,6,9,11,8,6,57,18,11,37,56,41,9,11,16,55,3,25,22,17,17,4,58,4,6,27,61,65,65,37,2,15,35,5,38,36,6,4,31,11,14,10,17,6,14,38,46,8,45,53,6,237
2010-12-13,2010-12-19,8,23,51,26,20,41,36,22,18,5,16,8,23,4,8,27,10,42,5,56,9,23,16,31,9,22,21,5,5,4,8,8,16,11,16,8,17,10,7,2,2,13,5,15,18,9,15,18,14,3,1,2,3,6,7,5,16,22,16,16,39,18,14,10,10,8,5,9,15,13,16,58,12,2,8,5,8,5,5,5,8,19,12,7,51,15,9,37,53,41,10,10,14,53,6,32,30,20,23,7,63,5,8,22,59,64,65,44,2,6,39,5,38,48,5,4,31,12,15,11,12,7,19,41,41,12,43,61,7,439
2010-12-20,2010-12-26,10,37,43,61,28,44,47,25,20,13,16,17,29,4,8,31,11,40,5,52,12,29,18,42,15,25,29,5,6,3,15,17,20,12,18,18,20,16,6,3,3,12,6,17,20,8,29,28,25,2,2,3,2,8,8,13,16,21,27,22,49,27,16,14,16,14,12,16,27,19,23,43,13,4,12,11,10,8,7,4,9,13,12,15,49,21,22,38,48,48,22,14,30,53,6,45,38,30,18,5,68,5,9,28,61,68,66,46,2,10,34,5,40,33,8,5,43,14,26,15,12,5,11,48,47,12,45,58,9,599
2010-12-27,2011-01-02,9,37,48,46,25,49,50,27,26,25,21,15,36,5,8,29,10,48,9,70,15,36,19,43,7,27,23,8,4,5,19,15,22,14,19,17,19,14,5,4,4,14,8,20,26,15,34,34,19,4,1,4,3,8,8,25,21,22,49,26,51,24,16,14,14,11,10,16,37,29,27,50,16,5,19,7,9,6,13,8,12,21,9,12,54,26,20,43,46,51,13,12,23,59,9,59,47,46,41,10,81,6,14,35,73,71,71,52,3,9,47,6,35,48,7,5,35,19,30,18,24,8,20,48,52,9,51,63,13,643
2011-01-03,2011-01-09,13,54,66,21,32,60,56,33,26,23,21,13,37,5,6,40,15,50,10,76,9,37,23,42,14,33,35,9,7,9,15,13,27,24,23,15,25,16,7,4,3,16,9,21,26,9,25,28,33,3,2,4,3,10,6,23,21,23,30,32,55,26,20,17,16,10,9,13,28,23,27,75,22,5,9,15,13,7,11,9,14,19,20,13,84,22,18,58,67,69,26,18,31,72,10,54,39,30,21,7,91,6,11,37,84,82,82,57,3,13,53,6,45,54,8,6,30,18,26,17,29,10,22,45,64,20,65,78,13,522
2011-01-10,2011-01-16,13,47,69,33,32,51,48,29,22,8,20,12,31,4,7,48,12,57,9,63,12,31,20,48,11,29,28,8,7,7,14,12,19,17,20,10,24,16,9,3,3,17,3,14,22,9,35,24,26,4,2,4,3,10,9,8,20,24,31,22,59,23,19,16,16,10,9,12,30,24,28,75,20,4,7,15,13,6,8,6,16,29,17,11,77,19,12,53,64,55,20,19,33,69,7,57,48,24,16,9,79,7,12,31,74,74,75,53,3,17,48,7,53,51,7,6,39,20,30,14,16,8,16,60,58,17,51,74,8,720
2011-01-17,2011-01-23,19,44,62,47,39,55,44,28,26,15,19,14,46,5,10,43,15,69,10,59,21,46,25,51,16,28,31,8,9,8,13,14,22,18,25,15,25,17,9,5,5,21,6,20,26,14,31,25,33,3,1,4,4,11,10,15,19,25,39,24,72,25,21,20,17,12,12,16,28,22,26,64,19,7,12,19,19,9,8,14,19,31,32,13,76,22,23,56,69,59,21,17,22,70,10,73,61,30,26,9,80,8,17,33,73,83,82,56,3,20,51,7,66,42,8,6,51,20,27,17,27,11,26,54,52,32,55,74,14,1182
2011-01-24,2011-01-30,25,55,76,36,43,60,54,26,34,20,26,17,49,6,14,60,16,66,18,63,16,49,28,49,12,26,38,9,12,10,16,17,31,24,28,18,33,20,13,4,4,19,8,24,34,10,37,28,31,4,2,5,5,12,9,20,26,30,36,26,67,27,25,25,20,13,13,18,39,27,27,80,22,6,8,30,25,16,17,16,25,39,42,15,85,25,29,63,79,57,24,26,46,75,10,82,60,26,23,12,91,8,15,33,78,87,87,65,4,16,52,9,61,52,8,7,45,27,35,24,28,10,22,61,55,42,68,74,11,1594
2011-01-31,2011-02-06,30,53,70,43,50,61,54,28,28,22,21,16,49,5,10,62,18,59,12,62,14,49,29,62,13,28,37,11,10,7,11,16,32,26,29,12,30,21,11,5,5,18,8,19,28,12,42,33,31,3,1,5,6,10,7,22,21,41,40,28,73,26,26,25,21,14,14,17,35,24,28,79,31,7,12,26,30,14,20,18,27,47,38,17,79,29,29,62,69,64,20,21,50,74,16,73,56,35,32,14,75,9,17,32,75,86,87,70,4,28,51,9,53,45,8,7,42,23,31,23,28,11,22,52,54,38,61,71,18,1722
2011-02-07,2011-02-13,30,61,76,37,50,63,52,30,30,24,26,18,58,5,11,64,19,66,16,71,17,58,32,66,14,30,48,9,9,7,22,18,29,29,32,24,36,23,14,5,4,15,8,22,30,22,36,34,23,4,2,5,5,11,10,24,26,39,46,34,72,27,33,28,23,16,17,22,43,26,42,92,29,7,12,28,30,13,16,15,29,49,34,19,83,28,36,60,76,67,39,27,47,77,9,86,71,36,37,16,67,9,17,38,80,95,97,64,4,34,61,10,53,52,10,8,35,24,36,17,21,10,20,57,52,34,66,78,23,1616
2011-02-14,2011-02-20,36,66,74,28,49,67,51,26,30,24,23,21,59,7,12,69,18,71,11,77,22,60,33,64,23,26,45,11,10,12,18,20,33,27,33,24,31,25,13,6,5,19,12,24,30,16,30,36,27,3,2,5,6,12,12,24,23,34,39,31,90,32,33,28,25,19,18,19,48,28,30,81,28,7,10,42,36,18,19,25,37,55,45,18,83,23,31,67,81,59,25,22,51,83,12,82,65,34,32,15,60,9,17,37,82,100,100,66,5,32,62,11,59,58,11,8,42,27,36,16,21,13,17,43,58,45,68,79,28,1818
2011-02-21,2011-02-27,32,57,69,34,49,63,54,30,35,12,19,18,50,4,6,67,22,52,13,76,14,51,31,58,16,30,39,10,9,7,18,18,30,25,31,15,29,22,11,6,5,23,8,19,35,16,38,32,29,3,2,5,6,10,7,12,19,38,33,27,79,29,29,27,22,16,17,22,32,28,29,71,28,10,14,46,32,16,15,17,32,38,45,19,82,29,28,62,71,55,17,17,37,79,8,70,57,27,30,11,68,8,15,39,81,92,97,64,4,27,56,9,52,53,8,7,40,24,27,21,35,11,28,53,45,45,63,73,26,1409
2011-02-28,2011-03-06,27,60,66,41,37,59,41,26,20,17,14,14,47,4,10,63,15,75,12,56,12,47,23,48,13,27,29,7,8,8,16,14,25,26,23,20,26,18,9,4,4,10,7,19,20,18,25,24,21,2,1,4,5,9,11,17,14,27,25,22,77,24,25,22,18,12,11,15,25,19,16,57,21,6,12,35,27,11,14,18,27,43,31,11,77,21,14,53,71,44,17,14,41,74,12,60,45,27,18,10,56,7,13,37,78,89,93,57,3,32,49,7,43,45,9,6,38,15,19,17,23,10,22,43,41,31,56,68,13,967
2011-03-07,2011-03-13,22,45,63,40,33,54,43,20,25,12,10,11,42,4,8,48,13,59,9,49,12,42,21,42,15,20,28,5,7,4,8,11,24,19,21,12,21,16,7,2,3,5,9,12,25,16,31,17,17,3,1,3,3,7,13,12,10,26,26,26,67,24,24,19,16,10,12,14,31,16,12,69,12,4,7,17,22,14,10,15,23,38,29,10,76,17,17,46,64,43,7,12,24,69,5,45,45,20,22,13,51,5,10,34,74,91,92,53,3,27,46,6,39,41,8,5,41,14,17,17,15,6,13,39,47,29,65,65,16,713
2011-03-14,2011-03-20,18,35,61,22,26,47,36,15,14,6,10,10,39,3,7,46,12,57,5,53,11,39,17,39,5,15,21,5,6,4,8,10,16,13,17,3,18,15,7,2,2,12,9,11,14,12,27,17,16,3,1,2,3,7,8,6,10,16,24,21,58,20,25,26,15,10,10,18,23,14,12,54,11,3,6,21,18,11,11,9,21,39,22,10,65,18,16,52,65,23,11,9,19,62,8,41,37,16,15,8,44,4,8,31,71,84,88,41,2,22,45,5,45,39,6,4,23,14,12,8,10,7,11,39,47,22,48,59,8,498
2011-03-21,2011-03-27,14,42,59,35,26,50,34,17,16,9,8,7,39,3,4,60,13,51,7,56,7,39,15,34,6,17,20,5,6,2,6,7,16,9,15,7,13,13,5,2,2,7,7,10,16,7,24,16,15,2,0,2,3,5,6,9,8,15,18,11,54,18,30,31,13,5,5,11,19,14,11,55,13,3,3,8,14,6,8,8,15,25,15,7,73,16,13,46,67,26,11,7,34,61,7,52,39,15,15,5,42,4,7,32,71,83,87,47,2,13,42,5,44,44,6,4,36,13,13,9,8,8,16,43,38,15,53,60,9,325
2011-03-28,2011-04-03,11,48,61,38,25,47,40,16,12,11,7,7,33,2,3,54,7,46,8,46,4,34,12,26,10,16,15,3,3,3,5,7,10,8,12,10,11,12,4,2,1,10,6,7,12,6,14,14,11,1,0,2,2,6,7,11,7,11,20,21,57,22,25,27,12,6,8,12,17,11,10,61,11,3,5,13,11,5,6,7,11,18,11,7,73,11,10,46,67,29,6,6,24,58,6,46,37,17,13,7,43,3,6,35,72,82,86,43,2,17,39,5,35,41,6,4,30,8,10,5,12,9,24,42,39,11,49,57,9,220
2011-04-04,2011-04-10,9,34,58,27,18,43,36,13,10,12,6,5,32,3,6,34,8,40,7,47,6,32,10,20,7,13,18,5,3,2,8,5,10,7,10,6,10,11,4,1,1,10,3,8,10,8,9,11,15,1,1,2,3,5,4,12,6,6,15,11,53,18,20,25,11,3,3,10,16,10,10,59,11,2,2,16,9,4,4,6,10,16,6,4,73,12,6,46,66,20,9,5,27,57,6,51,37,11,9,4,40,3,4,31,69,83,87,41,2,11,35,4,36,37,5,3,30,9,8,6,8,7,11,38,32,6,50,49,7,162
2011-04-11,2011-04-17,10,45,60,30,23,43,27,13,11,5,8,5,30,2,5,36,6,55,4,49,4,30,11,31,6,13,15,4,3,4,4,5,11,11,11,6,11,10,3,1,1,8,7,6,11,4,20,11,11,1,0,2,2,5,6,5,8,15,19,13,52,18,21,24,10,5,6,9,15,7,8,67,9,2,3,6,10,4,5,3,9,24,5,5,78,8,6,40,55,18,4,7,34,56,4,46,31,10,15,6,38,2,4,26,68,79,83,49,1,15,35,4,34,40,5,3,28,9,12,6,6,6,9,38,31,5,49,48,11,101
2011-04-18,2011-04-24,7,34,52,29,23,41,31,12,11,5,5,4,26,3,4,38,7,29,4,41,5,26,10,31,6,12,16,3,2,2,1,4,7,5,10,5,9,8,2,1,1,10,2,6,11,6,14,7,9,1,1,1,2,4,2,5,5,5,13,9,52,16,14,17,8,3,2,5,9,9,9,48,7,2,4,7,7,2,5,6,7,10,6,4,68,7,5,37,57,14,3,5,26,50,4,45,32,5,8,7,37,3,5,26,66,73,76,34,1,12,34,3,35,37,3,3,27,7,10,9,7,6,11,26,35,6,47,46,17,75
2011-04-25,2011-05-01,6,35,54,25,18,38,28,12,10,8,5,3,26,2,2,33,9,40,5,42,4,26,7,29,4,12,12,3,2,1,2,3,9,6,7,12,11,9,2,1,1,8,5,6,10,6,14,10,7,1,1,1,2,4,4,8,5,13,15,7,50,15,19,20,9,4,3,8,18,6,6,57,9,1,3,10,6,3,6,3,8,12,5,4,66,9,10,37,55,13,7,6,18,50,2,39,32,13,12,6,34,3,5,27,63,69,75,37,1,13,31,3,39,29,4,3,23,6,10,4,4,5,9,42,28,5,44,43,17,58
2011-05-02,2011-05-08,6,28,57,23,19,36,26,11,9,10,5,4,25,2,5,27,6,35,6,40,4,25,8,34,2,11,10,2,2,3,3,4,7,5,8,2,8,8,2,1,1,12,2,5,9,8,17,9,6,1,0,1,2,4,5,10,5,7,12,5,51,17,16,16,8,3,3,7,10,7,8,49,5,2,3,10,6,2,3,5,8,18,2,4,66,7,8,37,57,16,4,4,27,47,2,35,42,9,6,3,31,2,4,23,64,71,75,33,1,13,27,3,37,35,3,2,27,7,8,5,8,5,9,26,30,2,40,43,14,38
2011-05-09,2011-05-15,5,31,51,21,21,37,25,11,7,5,5,4,26,3,6,33,5,40,4,41,5,26,7,28,2,11,11,3,2,2,5,4,7,5,7,3,8,6,2,1,1,7,3,5,7,4,16,5,7,1,0,1,1,3,1,5,5,6,13,8,52,17,12,9,6,3,2,4,10,8,8,52,9,1,3,9,5,2,2,2,6,15,2,3,65,10,8,40,59,12,5,2,28,48,5,32,31,4,4,4,35,2,2,25,66,72,75,34,1,9,25,2,38,29,3,2,30,4,6,3,4,4,10,42,28,2,38,44,12,35
2011-05-16,2011-05-22,4,29,52,26,23,38,29,10,9,4,3,3,23,2,2,24,4,35,4,41,5,23,6,29,4,10,7,2,2,2,2,3,6,4,6,3,6,5,2,1,1,5,5,7,9,4,8,8,5,1,0,1,2,3,3,4,3,4,14,6,50,17,10,13,5,1,3,5,13,8,6,50,7,1,6,4,4,3,3,2,6,11,4,2,58,9,10,38,55,11,4,4,16,45,3,46,32,11,9,4,32,2,2,22,61,72,75,30,1,10,26,2,38,32,3,2,32,5,4,3,6,3,9,31,31,4,42,42,12,27
2011-05-23,2011-05-29,4,31,50,33,22,34,27,8,8,4,5,3,20,2,3,33,4,35,3,31,3,20,7,28,4,8,11,3,2,1,2,3,4,3,7,3,8,4,2,1,1,14,2,5,8,9,12,9,6,1,0,1,1,3,1,4,5,5,13,4,48,15,7,8,4,2,2,4,12,3,6,50,7,1,2,5,4,2,2,2,5,9,4,2,58,7,6,37,53,12,3,4,34,43,3,36,26,9,11,3,28,2,4,22,58,73,76,32,1,10,27,2,44,31,3,2,22,3,3,4,6,3,13,32,29,4,36,37,5,18
2011-05-30,2011-06-05,3,28,53,25,19,33,33,8,7,4,4,3,23,2,4,34,4,43,4,39,3,23,9,39,6,8,13,2,2,1,4,3,4,3,9,3,6,4,2,0,0,11,2,5,7,10,15,8,6,0,0,1,1,3,3,4,4,11,14,6,50,15,6,7,4,2,2,4,17,6,4,56,6,1,2,5,3,3,2,2,5,10,3,2,58,7,5,38,54,12,5,6,29,43,3,43,28,8,6,2,28,2,3,23,58,70,74,30,1,7,26,1,41,29,3,2,27,4,3,2,4,3,9,32,28,3,37,37,5,19
2011-06-06,2011-06-12,3,20,50,22,19,31,28,7,5,4,4,2,20,2,3,29,5,38,5,29,3,20,7,27,3,7,13,3,1,2,2,2,4,4,7,8,10,3,1,0,0,10,2,4,5,4,13,9,5,0,0,1,2,3,2,4,4,7,5,4,54,15,5,3,3,1,1,2,5,3,4,43,6,0,3,3,3,2,2,2,4,10,4,1,59,8,4,40,57,10,14,7,26,41,3,40,27,10,9,4,28,2,3,23,56,66,69,31,1,7,23,2,35,30,2,2,15,3,4,2,4,4,9,20,28,4,40,40,7,19
2011-06-13,2011-06-19,3,20,47,22,17,28,21,5,7,4,5,3,21,2,2,44,2,31,4,29,3,21,6,28,5,5,8,1,1,2,1,3,5,3,6,3,8,3,2,1,1,5,2,5,6,4,7,8,6,0,0,1,1,2,2,4,5,5,9,5,49,14,5,4,3,1,1,1,7,6,7,36,3,1,4,5,3,2,2,2,3,5,2,2,58,6,4,42,53,12,6,3,21,38,2,35,27,7,6,2,26,2,3,21,53,61,65,22,1,3,23,1,34,26,1,1,24,6,6,4,8,2,3,33,28,2,30,32,5,16
2011-06-20,2011-06-26,3,19,42,25,15,25,24,5,4,4,4,2,20,1,3,26,4,32,4,29,4,20,7,23,4,4,11,2,1,1,3,2,3,6,7,3,9,3,1,0,0,5,5,6,4,3,9,6,9,0,1,1,1,3,3,4,4,5,5,9,49,15,3,2,3,2,1,2,4,3,4,37,5,0,3,10,3,2,2,2,3,6,2,2,55,6,6,29,43,8,5,5,15,36,5,37,30,7,3,1,25,2,2,20,50,58,62,26,1,3,21,1,27,29,2,1,13,4,7,3,6,2,12,22,22,2,31,31,5,11
2011-06-27,2011-07-03,2,25,47,22,21,25,20,6,4,6,3,2,15,2,2,29,3,21,4,24,4,15,5,33,3,6,10,2,1,1,3,2,3,3,5,3,6,3,1,0,0,10,2,3,4,3,6,6,7,1,1,1,1,3,2,6,3,2,3,6,51,15,4,4,3,1,1,2,3,6,5,41,5,1,2,3,2,3,3,3,3,7,2,2,53,4,5,37,51,9,4,3,7,36,2,44,29,7,7,2,26,1,3,19,49,55,59,24,1,5,18,1,36,21,2,1,24,4,3,5,4,4,9,26,22,2,31,31,5,14
2011-07-04,2011-07-10,2,23,45,25,21,25,21,6,5,9,1,2,17,2,2,29,3,30,3,22,3,17,6,24,5,6,6,2,2,1,2,2,3,3,6,8,8,3,1,1,0,7,2,5,5,5,11,4,6,1,1,1,1,2,2,9,1,2,7,5,54,15,5,3,3,1,1,1,11,5,5,39,4,1,2,3,2,1,3,2,3,7,2,1,56,7,4,33,47,7,5,4,14,34,4,28,23,6,5,2,22,2,2,20,46,54,57,24,1,3,16,1,31,28,1,1,29,6,4,2,4,3,6,31,24,2,27,29,5,13
2011-07-11,2011-07-17,3,23,46,25,17,24,19,5,4,4,3,2,13,2,4,25,4,23,1,25,2,14,5,24,3,5,8,2,1,1,2,2,4,2,5,5,10,2,1,0,0,10,2,3,4,2,11,4,4,1,1,1,1,2,1,4,3,2,4,5,51,14,2,2,2,2,1,2,6,3,6,40,5,1,2,4,3,1,4,2,3,6,3,2,55,6,7,34,47,6,4,2,15,34,3,30,21,4,3,1,21,2,2,17,47,51,56,19,1,3,17,1,34,22,2,1,22,3,5,3,4,2,5,27,23,3,29,31,5,11
2011-07-18,2011-07-24,3,19,49,22,16,20,19,6,3,4,3,2,16,1,2,23,1,32,2,27,2,16,5,29,4,6,8,2,1,1,1,2,3,2,5,2,4,2,2,0,0,5,2,2,3,4,13,6,5,1,0,1,1,2,2,4,3,5,6,3,43,13,3,3,2,1,1,2,5,2,2,47,5,1,2,6,3,2,2,2,3,7,3,2,57,3,2,35,51,7,3,1,16,33,3,26,24,6,3,2,23,1,2,19,47,51,55,16,1,5,17,1,30,26,2,1,21,3,11,3,4,1,7,31,22,3,29,27,5,13
2011-07-25,2011-07-31,3,19,49,17,18,21,18,5,4,4,4,2,16,1,2,26,3,35,2,27,2,16,5,28,2,5,7,2,1,2,1,2,5,3,5,2,6,2,1,1,1,10,4,2,4,2,3,5,5,1,1,1,1,2,1,4,4,8,7,3,42,15,3,2,2,2,2,2,7,2,4,46,4,1,2,4,3,2,2,2,3,6,2,2,62,2,2,35,49,8,9,5,16,32,3,35,31,5,3,3,20,1,1,18,46,50,55,18,1,5,15,1,35,20,2,1,19,4,3,2,4,3,5,23,21,2,28,23,4,13
2011-08-01,2011-08-07,2,14,43,18,12,21,21,7,4,4,2,1,16,1,2,20,2,31,4,23,2,16,5,26,4,7,8,2,1,1,2,1,3,2,5,2,7,3,1,0,0,10,2,3,4,2,5,4,4,1,1,1,1,2,7,4,2,3,5,6,39,13,4,3,3,1,1,2,7,5,6,49,5,0,2,2,2,2,2,2,3,3,2,2,56,4,5,35,51,9,6,2,12,32,2,28,28,3,6,1,22,1,2,17,47,46,50,18,1,4,16,1,30,17,1,1,15,3,3,3,4,2,5,23,19,2,26,29,4,11
2011-08-08,2011-08-14,2,17,45,20,15,21,19,7,4,6,3,2,14,2,1,27,3,33,4,26,3,14,5,31,5,7,9,3,1,2,1,2,4,2,5,5,5,3,1,0,0,10,4,4,4,2,7,7,5,0,1,1,1,2,2,6,3,6,5,5,41,13,4,3,3,1,1,2,5,1,2,34,4,1,3,5,2,1,3,2,4,6,2,2,57,5,5,27,44,10,3,1,8,32,2,28,19,8,4,2,22,1,2,15,47,47,51,16,1,5,16,1,34,20,1,1,18,2,3,2,4,2,4,25,21,2,25,28,7,14
2011-08-15,2011-08-21,2,17,42,20,15,20,21,7,3,4,2,2,13,1,2,18,3,29,5,23,2,13,6,26,4,7,9,3,2,2,3,2,6,5,6,4,9,3,2,0,0,10,2,4,3,2,17,6,5,1,0,1,1,2,1,4,2,5,8,6,42,12,3,3,3,1,1,2,7,5,4,35,6,1,2,4,2,1,4,3,3,5,2,1,54,6,6,35,44,12,5,2,8,32,2,22,24,3,3,3,20,2,3,18,47,48,52,16,1,3,15,1,31,23,2,1,23,3,6,3,4,1,5,23,22,2,31,31,9,16
2011-08-22,2011-08-28,3,24,50,20,13,23,21,7,6,4,3,2,15,1,4,24,3,35,6,24,2,15,6,29,3,7,12,5,2,2,3,2,5,4,6,2,11,3,1,0,0,5,2,4,6,4,11,6,5,0,0,1,1,2,2,4,3,9,8,6,44,12,4,3,3,1,1,2,8,4,4,44,4,1,2,6,3,1,4,1,4,9,2,1,59,4,4,42,53,9,7,4,15,33,2,31,26,7,4,3,25,1,2,19,49,50,53,17,1,6,16,2,28,18,2,2,21,2,2,2,4,1,3,27,26,2,28,29,4,18
2011-08-29,2011-09-04,3,21,56,23,14,25,22,12,6,4,3,2,16,2,2,30,3,32,5,24,3,16,8,35,5,12,10,4,2,2,3,2,8,8,8,4,9,5,2,1,0,5,5,5,6,4,14,8,4,1,2,1,1,3,1,4,3,3,7,5,42,14,6,5,5,2,1,2,6,4,6,47,6,1,2,4,3,1,2,2,4,13,4,3,54,9,9,46,58,10,13,4,15,35,4,23,27,9,3,4,25,2,1,20,51,50,55,20,1,5,19,2,41,29,3,2,21,3,3,2,4,2,8,30,28,4,30,33,5,32
2011-09-05,2011-09-11,3,24,60,24,18,28,29,12,9,6,6,3,18,2,2,24,2,34,7,33,4,18,8,37,8,12,12,7,3,3,2,3,7,5,8,4,13,5,4,1,0,12,4,8,9,5,10,7,11,1,1,1,2,3,3,6,6,4,10,10,43,14,7,4,5,2,1,4,15,5,6,53,8,1,4,2,3,1,3,4,3,12,4,2,61,9,11,52,61,11,11,6,16,40,6,43,26,9,6,2,30,2,3,23,55,52,55,22,1,3,23,2,39,25,4,3,22,4,6,5,5,3,3,30,22,4,32,30,6,32
2011-09-12,2011-09-18,4,22,60,29,19,31,30,14,11,6,8,4,18,1,3,20,6,38,7,41,5,18,10,37,7,14,15,9,4,6,3,4,8,9,10,8,12,8,3,1,1,9,4,9,11,3,17,11,4,2,1,2,2,3,5,6,8,8,15,10,45,14,9,6,8,1,2,4,17,6,11,70,12,1,2,7,4,1,3,3,3,13,4,4,62,11,7,48,62,18,11,7,10,45,3,38,26,12,9,5,31,3,5,21,59,56,60,28,1,5,24,3,38,24,4,3,25,7,6,4,5,3,9,24,30,4,45,40,4,37
2011-09-19,2011-09-25,4,30,68,35,22,36,33,18,15,14,10,3,20,2,3,26,7,44,6,37,3,20,12,36,9,18,13,10,5,4,5,3,9,6,12,6,16,8,4,1,1,9,4,11,14,4,6,14,10,2,1,2,3,4,4,14,10,6,10,11,46,16,9,6,8,2,2,5,8,7,7,81,12,1,3,5,4,1,4,5,5,15,3,3,62,12,7,56,72,25,10,8,17,50,5,35,30,18,17,5,35,4,6,26,63,61,63,35,1,7,28,3,35,33,4,4,24,8,12,8,11,4,12,32,35,3,44,41,6,47
2011-09-26,2011-10-02,5,34,63,25,22,38,39,20,18,8,11,5,22,3,4,30,6,39,5,37,3,22,14,42,5,20,18,11,5,4,4,5,9,8,14,9,17,9,5,1,1,7,4,12,18,6,16,11,14,2,2,2,3,4,6,8,11,6,19,12,47,16,10,7,9,2,1,5,14,11,9,75,12,1,2,5,5,3,2,2,6,14,6,4,70,16,9,49,69,16,14,11,25,53,8,30,26,13,11,4,40,4,6,25,61,64,67,38,2,8,28,3,45,36,5,4,29,9,10,4,6,6,11,43,32,6,46,49,5,45
2011-10-03,2011-10-09,5,32,67,22,17,39,36,23,19,5,11,5,24,2,4,24,8,40,10,42,5,24,15,32,7,23,18,12,7,3,3,5,11,6,15,12,18,10,6,1,1,9,9,13,19,7,25,14,15,2,2,2,3,5,4,5,11,8,8,12,48,16,10,9,10,4,4,7,6,11,7,70,15,1,4,5,5,1,4,2,7,12,5,5,68,11,7,49,70,20,11,7,20,53,6,31,29,15,8,6,47,5,7,26,63,62,64,34,2,10,30,4,37,35,6,5,30,9,12,7,7,4,9,38,36,5,43,53,6,53
2011-10-10,2011-10-16,5,40,64,22,19,42,37,22,16,8,11,5,26,2,4,28,7,32,5,47,4,26,16,41,7,22,21,13,6,7,4,5,15,7,16,12,20,10,6,1,1,13,5,14,16,6,24,15,12,2,1,2,3,5,4,8,11,5,13,8,50,17,9,6,10,2,2,6,10,10,13,66,13,1,2,5,5,2,4,5,6,16,4,5,72,11,11,44,64,20,9,9,16,57,4,36,30,19,14,5,41,4,6,24,58,61,63,40,2,8,35,4,41,29,5,5,21,10,9,8,13,6,13,32,40,4,42,54,9,55
2011-10-17,2011-10-23,5,34,63,32,19,45,39,19,18,9,11,5,24,2,4,26,9,51,6,43,4,24,18,32,9,19,25,11,7,5,4,5,12,9,18,6,20,8,6,1,1,9,8,14,18,9,24,16,15,2,1,2,3,4,4,9,11,9,8,13,47,17,11,10,8,3,3,5,10,12,12,69,12,1,4,7,5,2,4,5,7,12,8,5,65,16,14,46,65,25,17,10,24,59,6,27,25,14,11,7,39,4,9,24,59,61,64,39,2,10,32,4,52,38,7,5,29,10,12,8,16,4,10,40,38,8,48,55,7,54
2011-10-24,2011-10-30,5,32,63,19,17,45,37,26,18,9,11,6,26,3,4,28,9,45,9,43,5,25,16,28,11,27,24,13,7,4,4,6,14,10,16,13,20,10,6,1,1,7,8,14,18,6,36,13,16,2,2,3,3,5,4,9,11,12,14,13,50,19,12,10,10,3,3,6,14,13,14,70,15,3,7,5,5,3,5,3,9,16,5,5,69,14,14,47,67,23,15,9,20,62,6,36,39,14,6,6,44,5,8,23,60,64,66,43,2,11,37,4,43,39,6,5,24,8,11,11,10,5,12,36,35,5,47,58,6,58
2011-10-31,2011-11-06,6,43,61,27,30,49,39,25,22,11,18,6,26,3,5,30,14,41,9,49,4,26,16,34,7,25,26,9,6,5,6,6,13,12,16,7,18,9,6,2,1,17,6,12,22,6,19,16,14,2,1,3,3,5,3,11,18,8,17,14,49,19,11,8,9,4,3,5,14,12,12,62,15,2,4,6,6,2,3,2,9,17,7,6,66,14,14,49,71,28,16,10,35,64,4,38,33,15,11,5,48,5,9,29,65,72,73,47,2,12,42,5,43,37,7,5,29,12,14,9,15,6,9,40,36,7,53,66,8,70
2011-11-07,2011-11-13,5,40,59,49,23,50,40,24,17,12,13,5,27,4,5,32,9,47,9,51,4,27,15,36,9,24,20,9,5,4,4,5,12,9,15,11,21,9,5,1,1,12,7,13,17,9,20,19,16,2,1,3,4,5,4,12,13,7,15,17,49,21,10,9,9,3,4,5,14,11,11,61,14,1,4,8,5,2,4,3,8,15,4,5,68,16,11,49,65,25,12,16,25,71,4,24,30,22,13,7,52,5,9,26,65,70,71,46,2,11,47,4,43,45,5,5,36,9,9,7,8,5,10,47,39,4,52,73,8,64
2011-11-14,2011-11-20,6,43,65,31,20,52,49,25,18,3,14,7,28,2,7,26,11,46,12,51,8,29,15,35,11,25,20,9,6,4,2,7,12,8,15,11,26,10,5,1,1,6,4,12,18,7,24,17,13,2,1,3,3,4,5,3,14,14,19,15,45,22,12,8,10,3,3,6,14,14,15,71,14,2,4,8,6,2,5,3,9,11,5,6,71,12,11,49,67,25,9,7,25,69,4,28,31,18,15,6,54,5,8,25,65,73,77,50,2,13,45,5,48,56,7,5,26,12,17,6,4,6,11,50,45,5,54,69,5,57
2011-11-21,2011-11-27,5,37,54,26,24,46,44,21,15,16,13,8,27,3,6,30,8,46,8,56,5,27,14,29,14,21,18,6,4,3,5,8,13,9,14,8,21,9,3,1,1,7,6,11,15,7,12,17,14,1,1,2,2,5,5,16,13,14,17,10,44,24,11,8,9,5,6,7,12,9,8,46,12,1,7,8,5,2,2,2,5,9,4,7,55,12,15,40,54,24,13,11,37,63,4,40,31,17,15,6,48,5,8,24,57,66,67,47,2,7,42,4,56,38,5,4,27,10,12,10,9,7,11,47,40,4,48,63,10,62
2011-11-28,2011-12-04,6,45,64,34,24,53,44,26,19,8,16,6,29,3,6,37,11,56,8,60,10,29,14,42,7,26,13,6,4,4,4,6,12,9,14,14,21,9,3,2,1,7,6,12,18,7,23,18,13,2,1,3,3,5,4,8,16,12,15,13,42,20,12,12,9,4,3,6,14,11,13,66,14,2,5,9,6,3,4,3,9,15,4,6,69,13,13,49,62,26,16,9,27,72,5,36,36,19,13,6,57,5,10,30,66,74,76,49,2,16,46,5,39,41,7,4,34,9,15,6,9,6,15,49,40,4,59,74,11,80
2011-12-05,2011-12-11,5,46,67,28,20,48,43,27,20,14,14,7,26,3,5,31,8,57,11,51,6,26,13,27,6,27,18,6,4,4,3,7,11,8,13,6,21,9,4,1,1,7,4,14,20,5,26,17,12,1,1,2,3,5,6,14,14,11,15,12,43,21,12,12,9,4,4,6,15,15,9,68,13,2,3,11,5,2,3,3,7,20,6,6,70,16,14,44,65,27,13,11,17,67,5,29,29,17,11,7,56,4,8,26,63,69,71,42,2,6,47,4,40,45,6,4,25,12,15,10,19,5,11,46,41,6,57,72,9,68
2011-12-12,2011-12-18,5,35,60,34,30,48,40,26,16,7,15,8,29,3,5,27,8,49,8,53,5,29,13,38,7,26,20,6,4,3,4,8,11,9,13,10,17,9,4,2,1,14,5,13,16,9,30,16,15,2,1,3,3,6,2,7,15,14,18,15,43,22,11,9,9,4,5,6,17,14,12,67,13,2,2,6,5,2,5,5,9,17,7,7,63,17,15,45,61,35,10,9,15,65,4,36,35,14,8,9,53,5,8,27,66,72,73,41,2,10,42,5,37,39,7,4,29,12,13,11,15,6,11,43,40,7,62,69,8,83
2011-12-19,2011-12-25,3,34,52,39,25,51,50,25,25,12,14,13,29,4,6,34,13,51,14,51,9,29,13,39,10,25,18,5,5,2,7,13,13,13,13,13,14,13,5,3,3,15,2,14,25,4,19,22,17,2,1,3,3,7,5,12,14,10,21,17,44,30,15,13,13,11,9,11,26,20,23,49,14,5,7,5,3,4,2,3,8,10,3,12,58,18,15,47,53,36,18,11,26,64,6,34,35,23,17,4,55,5,7,31,69,76,75,50,2,9,46,5,41,47,6,5,43,14,17,6,12,8,15,53,41,3,50,70,8,88
2011-12-26,2012-01-01,3,43,49,47,36,54,54,33,24,12,21,15,35,5,7,33,8,48,10,68,10,35,17,50,12,33,27,7,4,4,6,15,13,10,17,8,25,14,4,3,3,11,5,16,24,9,31,25,25,1,1,3,3,9,4,12,21,17,29,19,47,29,16,12,14,11,8,10,25,24,15,39,17,5,8,4,3,1,5,5,9,9,2,13,62,20,12,43,55,36,16,11,30,71,9,54,39,27,20,5,65,5,9,33,76,74,74,53,2,7,55,5,34,49,5,5,43,18,18,10,18,8,16,46,49,2,60,77,11,104
2012-01-02,2012-01-08,4,47,61,37,29,58,58,33,23,11,19,11,31,4,7,38,14,54,11,62,6,31,14,44,11,33,20,6,4,3,4,11,15,13,14,19,24,13,4,2,2,14,5,16,23,11,36,19,19,3,2,3,2,8,4,11,19,16,21,17,51,25,16,12,13,9,8,9,23,20,13,53,15,3,2,6,4,3,3,4,9,12,3,12,70,18,15,48,57,37,18,19,30,74,6,42,36,22,13,6,73,6,9,37,80,72,73,54,2,9,56,5,50,54,8,5,35,14,20,11,15,9,17,63,50,3,59,80,10,86
2012-01-09,2012-01-15,4,48,62,33,34,55,46,24,18,8,14,9,27,3,5,31,9,59,7,67,7,28,14,41,6,24,20,5,4,3,4,9,13,11,14,14,19,11,5,2,2,27,4,10,18,7,16,15,17,2,1,3,3,8,5,8,14,15,23,21,44,26,15,11,11,9,8,10,22,17,15,55,13,4,10,5,4,2,3,3,10,16,5,10,74,16,14,52,64,32,17,10,27,70,1,48,36,15,13,5,59,5,7,33,76,70,71,53,2,11,50,4,36,49,6,4,35,15,20,14,14,8,14,46,39,5,59,75,6,84
2012-01-16,2012-01-22,5,37,65,29,28,48,46,26,19,4,14,9,31,3,5,32,8,66,8,51,7,31,13,43,5,26,20,4,4,4,3,9,10,9,13,13,16,11,4,3,2,12,4,12,19,6,26,18,16,2,1,3,2,7,5,4,14,8,24,11,54,23,14,11,11,7,6,10,19,14,18,57,13,3,5,4,5,3,5,5,9,9,3,8,74,20,17,52,67,27,11,12,22,65,4,48,42,22,13,5,61,5,7,28,72,70,71,48,2,8,47,4,45,46,7,4,33,12,13,9,18,7,15,46,41,3,51,69,4,99
2012-01-23,2012-01-29,7,49,72,52,30,51,44,24,22,12,13,9,36,3,6,34,12,65,7,52,8,36,16,54,12,24,21,4,3,2,4,9,12,8,16,11,18,10,4,3,2,16,4,11,22,7,18,19,10,2,2,3,3,7,6,12,13,19,15,15,56,25,12,11,10,6,4,8,18,13,11,68,12,1,4,7,7,3,3,2,10,13,5,8,80,14,8,55,70,26,10,8,29,67,6,44,39,15,11,6,61,4,6,32,75,74,76,48,2,12,51,5,44,48,7,4,41,10,16,9,12,7,9,45,40,5,55,63,8,117
2012-01-30,2012-02-05,9,48,72,43,29,49,43,25,17,7,16,8,36,4,7,35,10,57,9,53,7,36,14,46,8,25,21,6,3,2,3,8,12,5,14,8,17,11,5,3,2,16,4,15,17,5,19,20,12,1,2,3,2,5,3,7,16,16,24,18,51,28,14,11,11,8,6,9,27,14,14,65,15,2,5,5,9,3,5,5,12,17,8,7,75,18,12,60,76,25,13,10,25,71,4,38,35,17,15,9,54,5,9,31,78,79,81,51,2,14,54,5,49,48,8,4,36,12,13,8,10,5,11,47,42,8,63,72,6,137
2012-02-06,2012-02-12,10,50,68,32,28,53,51,25,18,10,14,9,38,4,6,39,8,55,8,57,4,38,14,45,8,25,17,5,3,4,3,9,13,8,14,9,18,11,4,2,2,22,5,13,18,9,24,19,20,1,1,3,3,7,4,10,14,13,21,16,59,26,14,15,11,6,6,8,17,15,15,68,14,2,3,9,10,6,3,6,15,20,14,8,82,19,14,55,70,25,15,9,23,70,7,51,44,21,13,11,50,5,7,34,79,81,85,52,2,14,51,5,45,47,7,4,34,13,17,7,9,8,14,43,38,14,58,69,8,177
2012-02-13,2012-02-19,11,54,70,40,35,55,51,26,20,8,16,10,40,4,6,45,9,62,11,59,8,40,16,45,13,26,23,6,4,3,8,10,15,11,16,8,24,13,4,3,2,17,6,17,20,8,25,23,16,3,1,3,4,7,7,8,16,20,25,21,56,30,17,15,13,7,7,11,28,16,13,74,18,3,5,13,11,4,8,6,15,23,15,10,75,18,17,56,70,28,16,13,44,73,5,50,45,19,17,7,50,6,9,39,79,82,82,58,2,15,55,5,44,46,7,5,38,13,16,10,10,7,10,50,43,15,62,73,9,270
2012-02-20,2012-02-26,14,48,69,35,40,55,47,27,23,5,13,12,45,4,7,36,13,58,13,58,9,45,19,59,7,27,28,6,4,2,6,12,17,13,19,10,24,14,4,3,2,18,8,13,23,7,23,25,19,3,1,3,3,7,6,5,13,17,22,19,62,29,19,15,14,7,8,11,24,16,18,60,17,4,8,20,14,7,10,9,18,20,24,10,77,21,19,50,71,26,9,11,34,74,4,59,49,24,17,9,50,5,10,38,82,82,84,53,2,16,55,5,40,46,9,5,44,14,18,14,17,6,22,44,38,24,65,69,20,350
2012-02-27,2012-03-04,17,50,68,37,37,55,47,22,21,8,13,12,43,4,10,51,14,53,8,51,7,43,17,38,12,22,27,6,5,5,4,12,17,10,17,13,24,14,5,3,2,19,6,14,21,12,20,20,14,2,2,3,3,8,1,8,13,15,23,20,61,29,20,15,14,9,9,13,21,19,15,64,18,6,5,16,17,6,7,6,19,30,17,11,80,21,20,55,72,26,11,9,40,71,7,47,48,17,11,8,48,6,9,34,78,79,83,52,2,20,56,5,40,39,9,5,34,16,16,7,10,9,14,44,40,17,58,70,13,400
2012-03-05,2012-03-11,22,54,67,33,51,54,42,23,17,13,13,12,41,4,7,57,11,66,6,53,11,41,18,50,10,23,27,7,4,4,6,11,14,12,18,11,20,13,5,2,2,13,7,12,17,11,30,22,15,4,2,3,3,7,3,13,13,23,25,20,66,29,17,15,13,10,10,11,24,20,23,72,15,4,4,18,22,9,16,15,23,20,23,11,80,19,16,57,69,25,15,14,38,70,10,59,45,17,18,7,42,5,7,34,74,81,82,45,2,18,51,4,53,48,7,5,33,16,23,9,8,8,15,40,40,23,62,68,13,458
2012-03-12,2012-03-18,21,44,61,32,48,51,44,22,17,13,11,11,44,3,7,56,10,50,9,47,7,44,19,57,12,22,30,6,4,5,9,11,15,11,19,11,18,15,6,3,2,16,5,15,17,5,29,21,17,3,0,3,3,7,3,13,11,15,24,14,75,27,16,15,15,10,11,13,25,18,17,60,17,5,8,22,21,9,9,9,25,28,33,12,66,15,15,51,67,22,16,8,31,67,6,57,58,23,14,7,42,5,8,28,68,76,79,49,2,24,48,4,33,44,7,4,29,14,14,10,9,7,11,34,34,33,57,64,10,491
2012-03-19,2012-03-25,18,38,62,21,42,46,33,16,17,10,11,8,38,4,6,36,8,50,7,42,10,38,16,59,6,16,24,4,3,3,5,8,15,9,16,4,20,11,3,2,2,16,3,10,17,6,18,15,12,1,0,2,3,5,7,10,11,15,16,16,65,23,13,12,11,7,6,10,18,12,14,57,15,4,7,19,18,7,9,8,18,29,21,9,72,15,14,50,68,21,7,5,36,62,4,63,45,18,8,7,38,4,7,24,66,73,75,39,2,19,43,4,43,45,7,4,32,12,13,4,5,6,10,40,31,21,52,56,11,377
2012-03-26,2012-04-01,14,45,62,28,33,42,35,17,12,5,10,8,35,3,4,43,8,44,7,47,4,35,13,41,5,17,22,5,3,5,3,8,12,5,13,7,13,9,4,2,2,12,4,12,12,8,16,14,11,2,1,2,2,5,3,5,10,16,15,10,61,20,12,9,9,6,4,7,12,12,13,71,12,3,4,17,14,10,6,6,18,23,18,7,68,16,11,54,69,15,10,7,32,58,7,42,41,15,12,8,37,4,5,27,63,69,72,46,2,20,43,4,31,39,6,3,31,10,11,10,13,4,9,37,38,18,50,51,7,275
2012-04-02,2012-04-08,10,41,60,22,31,41,34,16,15,5,8,7,33,2,4,37,6,50,8,41,5,33,12,46,7,16,19,4,3,3,3,7,12,9,12,7,14,8,3,2,1,7,5,9,15,5,13,12,7,2,0,2,3,5,4,5,8,10,14,12,54,22,10,8,8,5,5,7,18,10,9,61,10,2,5,10,10,5,8,4,13,18,12,5,69,9,11,43,62,19,7,6,31,55,2,44,43,12,9,4,36,3,4,27,61,68,70,40,1,12,36,3,36,38,6,3,27,8,11,4,7,5,6,34,31,12,54,51,17,218
2012-04-09,2012-04-15,11,41,64,20,26,47,34,16,14,5,8,6,34,2,3,37,7,40,7,38,7,34,12,42,12,16,19,3,2,2,4,6,12,6,12,8,15,8,3,2,2,8,4,9,14,4,21,14,10,2,1,2,2,4,3,5,8,11,12,9,58,21,11,8,8,4,4,7,17,13,10,67,10,2,4,11,11,5,7,4,14,22,14,6,75,14,12,48,70,18,6,6,37,57,7,54,37,14,8,4,40,3,4,29,66,72,75,37,2,14,37,3,43,41,6,3,25,8,9,4,6,3,8,43,34,14,53,51,4,182
2012-04-16,2012-04-22,10,39,64,24,29,46,32,17,10,9,8,5,32,3,4,45,5,41,3,51,7,32,11,41,7,17,11,3,3,2,2,5,10,6,11,6,12,8,3,1,1,8,3,10,10,6,19,11,9,1,1,2,2,6,5,9,8,12,17,11,61,20,10,10,8,4,4,8,19,10,6,69,11,2,2,15,10,5,5,4,12,16,12,5,73,14,11,52,71,12,13,8,32,55,5,49,35,12,5,6,37,3,4,23,63,72,72,40,2,16,37,3,40,39,6,3,25,8,13,6,10,6,13,31,33,12,56,49,6,161
2012-04-23,2012-04-29,8,37,65,32,29,43,34,13,11,4,7,5,28,2,4,44,4,45,6,39,4,28,11,35,7,13,18,3,2,2,3,5,9,4,11,5,14,7,3,1,1,12,1,8,11,7,21,12,10,1,1,2,2,4,4,4,7,8,11,11,57,21,9,7,7,4,4,7,15,7,9,70,8,1,2,6,8,4,4,4,11,15,17,5,69,11,13,52,67,17,8,8,31,52,3,35,32,14,15,4,35,3,5,22,60,73,75,39,2,15,33,3,41,35,5,3,36,8,9,6,15,5,8,36,28,17,48,46,6,126
2012-04-30,2012-05-06,8,35,64,18,37,40,28,12,10,8,7,5,26,2,3,33,6,36,4,37,5,26,9,38,7,12,12,3,2,1,2,5,9,5,9,3,9,6,3,1,1,8,3,8,10,8,16,10,10,1,1,1,3,4,2,8,7,12,10,13,56,21,8,6,6,3,3,6,7,7,5,65,8,1,2,9,8,4,4,3,9,15,10,5,69,10,8,48,62,13,9,7,29,49,6,47,36,11,6,3,34,2,4,25,59,71,72,38,1,14,31,3,37,38,5,2,21,7,6,3,7,5,9,32,34,10,46,43,6,109
2012-05-07,2012-05-13,6,32,58,18,25,39,29,13,9,6,7,4,30,2,3,36,5,37,5,33,4,30,10,32,5,13,18,3,2,2,1,4,11,5,10,5,7,6,2,1,1,8,3,7,9,6,7,10,8,1,1,1,1,4,3,6,7,8,8,9,55,19,9,8,6,3,3,4,9,10,8,60,9,1,8,6,6,4,5,4,9,20,10,4,68,10,10,45,63,12,8,4,18,47,1,43,38,12,8,3,28,3,3,23,58,75,76,33,1,10,33,2,42,33,4,2,25,7,10,5,9,4,8,37,30,10,46,43,8,93
2012-05-14,2012-05-20,6,34,58,23,36,38,27,13,8,3,4,4,29,2,4,36,5,36,7,36,5,29,9,33,4,13,13,3,2,2,1,4,9,4,9,4,13,6,2,1,1,7,6,6,8,7,12,9,8,0,1,1,2,3,3,3,4,5,10,12,60,22,8,5,6,4,2,5,12,6,4,66,7,2,4,2,6,2,5,2,7,18,8,4,63,9,9,46,61,11,10,5,24,46,4,51,34,8,9,4,30,2,4,23,59,74,76,36,1,10,29,3,42,34,4,2,28,6,7,3,5,3,6,32,26,8,42,45,11,76
2012-05-21,2012-05-27,5,26,55,25,31,36,25,12,9,5,6,4,29,2,2,35,5,37,4,33,4,29,9,30,5,12,14,2,2,1,1,4,7,5,9,2,12,5,2,1,1,8,3,6,9,5,12,11,7,0,1,1,2,4,3,5,6,5,8,9,63,22,7,5,5,3,3,5,8,5,7,61,9,1,2,5,5,2,4,2,6,11,7,4,56,8,7,42,58,10,6,5,28,45,1,42,42,8,6,4,30,3,3,23,58,71,73,28,1,7,32,2,34,34,4,2,32,6,7,4,3,4,11,30,26,7,41,43,4,68
2012-05-28,2012-06-03,4,32,54,34,25,32,27,12,8,3,4,4,31,2,3,41,4,44,4,31,2,31,9,29,4,12,12,3,2,3,2,4,7,5,9,2,13,5,1,1,1,8,2,5,8,3,11,8,7,1,1,1,1,3,2,3,4,6,7,5,60,22,7,6,5,3,3,5,9,5,5,53,9,2,4,2,4,2,5,3,5,12,6,4,59,5,3,41,55,9,3,4,27,44,3,60,38,8,6,5,27,3,3,19,53,65,67,31,1,6,30,2,40,30,3,2,27,5,5,2,5,2,4,29,24,6,42,42,6,55
2012-06-04,2012-06-10,3,26,54,20,24,32,23,11,7,6,6,3,25,2,4,32,5,42,7,32,2,25,7,36,4,11,14,2,2,2,2,3,5,4,7,4,11,4,2,1,1,4,3,5,7,3,10,8,5,1,1,1,2,3,1,6,6,4,9,6,58,20,6,5,4,2,2,3,8,5,4,44,8,1,3,5,3,1,3,2,4,10,5,3,63,7,5,46,60,10,4,3,27,44,3,42,30,9,6,2,28,1,3,20,52,63,67,31,1,5,31,2,28,30,4,2,19,4,7,2,3,4,11,23,27,5,40,44,7,44
2012-06-11,2012-06-17,3,27,50,20,32,30,27,10,8,3,3,3,24,2,2,30,3,45,4,23,3,24,7,33,2,10,13,2,1,2,1,3,5,5,7,3,11,4,1,1,0,4,1,5,8,4,13,7,5,1,1,1,2,3,2,3,3,6,12,7,56,20,7,5,4,2,2,3,6,4,5,42,5,1,2,4,3,2,2,3,4,8,2,2,63,8,6,40,55,10,3,3,18,43,5,40,33,8,5,2,27,2,4,21,52,61,65,30,1,4,28,1,37,28,2,2,19,4,3,5,3,2,4,25,20,2,34,39,6,38
2012-06-18,2012-06-24,3,22,52,21,24,29,25,9,7,3,4,3,25,1,2,35,4,31,5,26,2,25,7,37,4,9,13,2,1,2,2,3,7,4,7,4,11,4,1,1,1,8,3,6,7,3,8,7,2,1,0,1,1,3,3,3,4,8,9,5,53,21,6,5,4,2,1,3,9,4,3,46,6,1,3,3,3,1,7,3,4,8,5,4,64,7,8,40,56,6,7,4,22,41,2,40,37,7,5,2,24,2,2,18,50,58,61,23,1,2,23,2,31,30,3,2,22,5,4,3,4,3,7,25,26,5,40,35,5,23
2012-06-25,2012-07-01,3,26,53,24,27,29,23,10,5,3,4,3,25,1,2,31,3,46,6,26,3,25,7,35,3,10,10,3,1,1,2,3,5,2,7,3,9,4,2,1,0,6,2,3,5,3,14,6,5,1,0,1,1,2,3,3,4,4,5,4,55,21,5,4,4,2,1,2,5,5,3,42,6,1,3,6,3,1,5,2,3,7,3,2,61,6,4,41,56,8,4,2,25,41,2,37,33,5,8,2,25,2,2,18,49,53,57,21,1,3,25,2,35,25,3,1,28,5,5,3,3,2,3,28,22,3,46,38,5,22
2012-07-02,2012-07-08,3,23,49,27,27,27,26,9,4,3,3,2,23,1,2,32,3,37,4,28,3,23,7,29,3,9,9,2,1,1,2,2,4,2,7,2,9,4,1,0,0,7,2,5,4,4,5,7,4,1,1,1,1,3,2,3,3,6,9,6,53,19,5,4,4,1,1,3,6,6,5,44,6,1,3,5,3,1,2,2,2,2,4,2,55,8,8,33,48,4,5,5,22,37,4,40,33,8,6,2,25,2,3,15,46,51,55,20,1,2,21,1,33,26,3,1,25,5,5,4,3,2,5,30,23,4,38,35,6,22
2012-07-09,2012-07-15,3,22,49,17,28,28,25,9,6,3,3,3,23,2,2,27,4,37,6,30,1,23,7,28,7,9,11,2,1,1,2,3,5,3,7,2,9,3,1,0,0,7,2,4,6,8,7,6,5,1,1,1,1,2,1,3,3,4,8,7,50,19,5,4,3,2,1,2,9,3,3,45,7,2,3,3,3,2,3,2,3,8,3,2,65,6,5,36,54,8,7,6,15,41,1,46,33,5,4,2,27,2,2,19,49,52,57,26,1,4,26,2,34,25,3,1,20,2,4,2,6,2,4,26,26,3,37,37,4,13
2012-07-16,2012-07-22,3,27,52,26,22,26,21,9,6,3,2,2,22,2,3,28,3,38,4,23,4,22,7,37,3,9,11,2,1,1,1,2,4,3,7,3,9,3,1,0,0,8,3,6,6,2,10,8,5,0,1,1,1,2,2,3,2,4,5,3,52,18,5,4,3,1,2,3,6,6,5,48,6,1,2,4,3,2,2,2,3,7,5,2,65,7,6,40,57,9,7,6,10,38,3,33,29,6,5,3,24,2,2,17,47,51,54,21,1,6,19,1,40,28,2,1,21,4,6,3,5,2,6,33,20,5,36,35,6,18
2012-07-23,2012-07-29,3,32,49,22,20,26,24,7,6,3,3,2,22,1,2,33,4,39,5,21,1,22,7,33,3,7,8,3,1,1,2,2,4,3,7,4,7,3,1,1,0,4,4,4,6,2,15,7,6,1,1,1,2,2,1,3,3,5,9,4,47,20,5,5,3,1,1,2,7,4,2,47,5,1,4,2,3,2,2,3,3,6,5,2,64,5,3,40,53,8,2,2,21,38,3,36,30,7,5,1,24,2,3,16,49,49,55,24,1,3,21,2,34,28,2,1,23,4,5,3,4,2,5,28,27,5,34,35,4,16
2012-07-30,2012-08-05,3,31,49,33,18,27,23,9,6,6,3,2,22,1,3,29,4,38,7,25,3,22,6,24,3,9,9,2,1,1,1,2,5,2,6,3,9,4,2,1,1,4,2,5,6,3,5,7,10,1,1,1,2,2,3,6,3,4,4,4,47,18,4,2,4,1,1,2,5,5,3,38,5,1,5,3,3,3,2,2,3,2,2,3,65,7,3,40,53,9,4,2,23,37,2,35,34,7,8,3,23,2,2,19,47,49,53,21,1,3,21,2,31,25,3,1,28,3,4,3,5,2,3,25,24,2,40,32,7,13
2012-08-06,2012-08-12,3,27,47,19,23,26,23,11,5,3,2,2,23,2,3,33,5,34,8,25,4,23,6,35,3,11,10,3,1,1,2,2,6,2,6,4,10,3,2,0,1,8,1,4,5,3,11,6,8,1,1,1,1,2,2,3,2,5,4,7,43,18,5,5,3,2,2,3,4,4,3,34,6,1,2,3,3,1,2,4,3,6,2,3,58,7,8,39,53,10,4,2,10,38,1,44,38,7,4,2,25,3,3,18,49,47,52,24,1,4,19,2,32,23,3,2,26,5,5,3,3,4,6,28,21,2,36,35,4,11
2012-08-13,2012-08-19,3,29,49,22,20,30,27,11,4,3,3,3,20,1,2,26,5,36,6,26,3,20,8,29,4,11,10,3,2,2,2,3,7,2,8,4,10,4,2,1,1,4,3,6,4,2,12,9,4,1,1,1,1,2,1,3,3,4,6,5,51,18,4,4,4,1,2,3,7,7,5,38,7,1,2,6,3,1,2,1,3,6,3,3,58,12,6,41,50,8,4,1,14,40,2,28,31,9,7,2,28,2,2,19,51,49,52,23,1,4,22,2,32,29,3,2,27,7,5,3,3,2,6,27,26,3,36,35,4,18
2012-08-20,2012-08-26,2,38,55,24,28,31,27,14,9,6,5,2,25,2,3,28,3,38,5,28,3,25,9,33,3,14,15,4,2,3,1,2,5,4,9,5,11,4,2,1,1,4,3,7,9,5,11,8,7,1,0,1,2,3,1,6,5,6,10,6,48,18,7,5,4,1,1,3,8,6,5,52,6,1,2,2,2,1,3,2,4,11,3,2,64,7,6,41,61,13,8,4,9,41,5,42,34,8,8,4,27,3,4,18,54,52,57,29,1,4,23,2,31,29,4,2,28,5,6,2,3,2,3,34,25,3,45,37,4,17
2012-08-27,2012-09-02,3,30,60,21,22,33,29,16,8,4,6,3,27,2,3,26,5,41,8,30,3,27,9,37,6,16,14,5,2,1,3,3,8,3,9,4,13,5,2,1,1,6,2,6,8,2,11,9,10,1,2,2,2,3,3,4,6,7,10,6,48,19,6,4,5,2,1,2,9,6,2,55,8,1,5,5,3,2,4,4,4,9,2,3,66,8,6,48,62,11,7,5,22,45,3,36,32,12,9,5,30,2,3,21,58,54,58,27,1,6,26,2,33,35,5,2,22,4,5,4,3,3,5,32,26,2,36,41,7,21
2012-09-03,2012-09-09,4,35,64,27,23,36,35,18,15,3,9,4,27,2,3,45,6,36,10,35,6,27,10,33,3,18,17,6,3,3,2,4,8,8,10,4,12,6,3,0,1,4,4,9,14,4,12,10,11,1,1,2,2,3,2,3,9,5,10,7,53,16,8,5,6,2,2,5,9,7,6,69,9,1,2,5,4,2,2,4,5,12,1,3,65,12,10,51,67,13,5,5,23,47,3,38,32,11,7,4,33,4,4,22,59,57,61,36,2,7,31,2,45,30,6,3,27,6,6,5,3,3,7,34,28,1,44,42,9,22
2012-09-10,2012-09-16,4,40,69,20,27,38,38,22,14,6,9,4,24,2,4,22,7,44,10,36,1,24,12,37,7,22,19,8,4,3,1,4,11,3,12,4,15,7,4,1,1,6,4,10,14,4,19,14,11,1,1,2,3,4,3,6,9,6,21,8,48,17,9,5,7,2,2,4,17,7,5,80,12,1,2,4,4,2,4,3,6,13,4,3,69,10,6,60,74,12,4,5,25,51,2,29,31,13,10,5,35,3,4,25,63,61,64,34,2,11,31,3,46,32,6,3,27,6,5,6,8,4,9,39,26,4,52,50,6,32
2012-09-17,2012-09-23,4,41,71,28,25,43,44,22,14,8,12,5,32,3,2,32,8,48,12,40,6,32,12,41,9,22,17,9,4,6,1,5,10,5,12,6,20,8,4,1,1,10,6,12,14,5,23,13,12,2,1,2,3,4,4,8,12,10,15,12,50,19,10,8,8,3,4,6,13,7,8,75,12,1,1,8,4,2,5,3,7,13,5,4,72,15,7,65,80,17,12,7,28,57,4,40,30,14,5,5,38,4,5,23,65,60,65,40,2,8,35,3,48,36,7,4,33,7,9,7,14,4,5,36,36,5,57,50,3,36
2012-09-24,2012-09-30,6,39,74,24,27,46,47,24,17,6,12,5,26,2,3,28,9,41,9,44,4,26,13,36,8,24,16,11,6,4,1,5,15,5,13,8,21,9,6,1,1,9,7,12,17,7,18,13,15,2,1,2,4,5,4,6,12,10,16,15,53,20,11,9,9,3,2,6,16,9,11,81,15,1,3,4,6,2,2,2,9,15,4,4,75,15,14,60,73,17,10,7,25,60,4,32,32,16,14,7,40,4,7,27,67,63,66,42,2,8,40,4,49,39,6,5,25,8,11,5,11,6,12,40,34,4,56,61,8,50
2012-10-01,2012-10-07,6,34,69,34,29,46,50,22,17,7,15,7,29,3,5,34,7,43,12,42,6,29,15,34,6,22,18,15,6,4,3,7,12,8,15,9,22,11,6,1,1,11,7,12,17,10,20,13,14,1,1,2,4,5,5,7,15,7,14,17,56,21,12,8,11,4,4,6,14,10,8,86,15,1,2,6,6,3,2,5,9,16,5,5,72,15,15,50,72,25,12,10,33,60,5,36,32,12,7,9,42,5,7,24,64,61,66,44,2,13,38,4,41,40,8,5,31,9,11,9,6,5,14,37,35,5,57,54,8,53
2012-10-08,2012-10-14,6,43,63,31,30,48,48,27,17,9,13,6,29,2,4,36,10,51,10,46,7,29,16,24,7,27,23,16,8,5,4,6,17,7,16,8,24,11,7,1,1,13,6,16,17,7,25,17,13,3,2,3,4,5,5,9,13,8,14,14,49,19,11,10,11,4,2,6,13,13,10,74,18,2,6,9,6,2,1,3,9,14,3,6,67,18,8,47,71,21,16,9,37,60,6,35,32,17,11,11,41,5,9,27,64,60,63,46,2,12,39,4,38,44,7,6,30,12,13,6,9,5,17,36,32,3,57,53,10,59
2012-10-15,2012-10-21,6,45,68,30,23,49,42,25,18,8,13,6,32,3,6,40,13,52,9,43,9,32,19,40,8,25,27,11,7,7,3,6,15,8,19,6,26,10,7,1,1,7,6,15,18,5,26,15,18,3,1,3,4,5,5,8,13,12,21,18,54,22,12,9,10,4,3,8,22,14,11,77,18,2,3,7,6,3,5,4,9,14,6,6,74,18,20,48,70,19,9,10,26,62,8,41,35,18,15,8,40,6,10,26,62,62,65,45,2,10,41,5,37,36,9,6,24,10,14,8,11,5,13,41,34,6,58,61,5,78
2012-10-22,2012-10-28,6,51,64,32,23,47,42,25,16,9,13,6,32,3,5,36,11,47,7,45,8,32,17,39,12,25,27,11,7,5,3,6,17,6,17,11,28,11,7,2,1,11,4,14,16,8,23,17,12,2,1,3,4,6,6,9,13,15,13,20,53,21,12,11,11,4,4,7,15,9,8,74,17,2,4,11,6,3,2,2,9,17,8,7,65,17,9,46,66,20,7,6,27,61,4,36,32,20,16,4,39,6,11,24,61,63,66,43,2,10,41,5,40,41,7,5,30,8,7,7,7,6,16,39,35,8,55,60,8,81
2012-10-29,2012-11-04,6,41,61,25,25,46,46,23,17,9,13,7,32,3,5,39,10,38,14,48,7,32,16,35,9,23,24,9,6,4,3,7,15,5,16,7,25,11,6,2,1,10,4,14,17,8,25,19,14,2,1,3,3,5,3,9,13,13,15,18,50,19,13,11,11,5,5,8,15,13,11,67,15,2,3,9,6,4,4,4,10,13,5,6,67,20,13,44,63,17,9,10,20,59,4,33,32,22,17,6,38,5,8,20,57,63,63,46,2,8,40,5,40,49,8,5,27,11,14,9,11,6,11,45,31,5,52,53,10,126
2012-11-05,2012-11-11,7,44,61,36,27,48,42,26,17,6,11,7,32,4,7,27,12,42,10,41,5,32,15,37,10,26,20,9,6,5,2,7,16,9,15,8,21,10,6,1,2,8,5,13,17,5,31,21,18,1,1,3,4,6,5,6,11,13,15,20,50,19,13,9,10,4,4,6,19,14,12,59,18,2,7,12,7,3,7,3,11,23,7,6,70,20,15,45,64,21,15,10,32,62,9,34,32,22,16,6,42,7,11,24,61,65,67,48,2,15,44,5,37,45,8,5,27,14,17,5,7,5,12,39,31,7,52,64,5,183
2012-11-12,2012-11-18,10,49,67,38,30,54,48,31,20,11,13,9,38,4,7,41,12,49,10,50,13,38,19,39,11,31,30,11,7,4,4,9,17,6,19,9,25,13,7,2,2,12,7,19,20,9,29,19,21,3,1,3,5,7,5,11,13,10,23,22,58,23,14,11,13,9,8,9,23,18,24,63,19,3,5,14,10,5,5,4,11,19,14,10,74,24,22,46,73,27,14,10,36,66,8,45,39,23,15,7,44,7,13,23,64,69,72,53,3,14,50,6,42,42,9,6,39,15,19,9,19,9,16,47,38,14,67,64,13,253
2012-11-19,2012-11-25,8,47,56,36,40,53,52,28,19,13,14,15,41,4,9,35,9,48,11,51,19,41,19,45,7,29,24,10,6,4,10,15,19,9,19,13,23,18,6,3,3,11,6,19,19,5,28,24,17,1,0,3,3,8,4,13,14,20,31,24,56,31,17,15,18,13,12,17,36,21,22,59,19,4,10,12,8,6,10,9,10,15,10,14,70,26,21,42,54,28,17,13,45,62,6,53,47,29,23,6,43,7,13,21,61,67,69,48,3,13,46,5,48,46,8,6,37,17,19,11,10,8,16,42,41,10,58,63,8,434
2012-11-26,2012-12-02,13,61,71,36,38,63,55,36,29,18,18,14,44,5,8,41,17,50,12,51,15,43,20,50,17,36,31,13,7,6,12,14,22,10,20,16,29,17,5,4,4,8,6,23,29,9,34,30,28,2,1,4,5,10,6,18,18,23,30,31,61,26,20,19,17,11,11,15,24,20,24,71,22,5,10,16,13,8,9,6,18,24,21,13,78,25,23,54,70,31,24,20,39,72,6,42,42,34,25,12,49,9,16,29,69,74,74,59,3,23,56,7,47,60,12,7,34,19,24,13,17,11,15,48,47,21,68,75,14,529
2012-12-03,2012-12-09,19,47,66,39,42,63,52,42,31,17,26,18,46,5,13,58,24,60,25,60,31,46,30,54,19,42,39,16,12,6,11,18,29,16,30,22,33,28,11,6,5,9,10,29,31,17,43,34,31,6,3,6,8,11,8,17,26,29,37,33,61,29,33,27,28,15,17,23,39,30,37,74,35,11,23,26,19,11,11,9,22,33,23,19,72,37,34,56,78,36,37,22,41,72,12,56,52,39,32,13,47,13,20,26,67,74,76,58,5,22,57,11,54,54,14,10,39,27,41,15,26,12,24,52,44,23,67,73,25,1058
2012-12-10,2012-12-16,22,53,68,44,47,62,56,42,36,19,26,23,55,7,11,58,26,62,25,60,29,55,33,55,22,42,42,14,12,5,12,23,33,19,33,22,38,31,12,6,6,9,11,28,36,15,46,38,29,5,2,6,8,13,11,19,26,37,47,41,68,32,34,30,31,20,18,25,40,28,33,75,32,9,26,33,22,15,16,12,28,32,35,22,77,40,36,56,72,38,27,21,42,72,17,51,48,45,34,13,47,13,23,28,67,74,75,59,5,26,60,11,47,55,15,10,48,27,38,12,14,13,26,43,40,35,64,71,21,1430
2012-12-17,2012-12-23,33,52,66,40,56,67,67,48,45,12,32,33,65,9,16,76,27,63,24,62,44,65,38,67,21,48,53,15,14,10,13,33,39,28,38,32,44,41,15,9,8,12,12,34,45,15,42,49,41,4,2,7,9,13,11,12,32,49,67,40,80,46,49,46,41,36,33,40,65,44,50,61,42,13,24,46,33,22,24,23,33,43,50,33,69,46,46,56,68,49,40,31,55,75,17,58,63,50,47,16,57,16,27,31,72,81,82,69,5,32,67,13,48,65,16,12,41,34,49,21,20,17,33,56,55,50,72,74,24,2084
2012-12-24,2012-12-30,38,67,66,39,83,92,90,66,64,33,41,45,92,13,25,100,33,78,25,87,58,92,49,100,33,66,64,21,13,9,21,45,50,36,49,41,51,52,16,12,10,23,19,50,64,27,84,77,54,4,2,8,9,17,9,33,41,64,99,52,100,55,61,57,52,47,46,52,90,55,68,60,51,18,37,53,38,36,26,30,43,56,60,45,69,73,73,63,65,66,68,48,59,88,17,100,91,74,55,22,70,15,29,33,83,84,83,95,6,46,88,14,68,75,18,15,50,44,61,31,38,20,37,65,58,60,87,86,37,2961
2012-12-31,2013-01-06,43,86,79,53,84,100,100,78,69,36,57,42,78,13,19,94,35,76,31,93,54,78,48,83,43,78,64,26,12,16,15,42,60,40,48,46,50,54,13,11,10,37,26,49,69,32,84,85,59,9,4,10,10,18,17,36,57,65,88,74,80,53,63,66,54,42,41,50,77,61,62,61,50,18,35,54,43,33,35,30,59,50,70,41,83,64,64,67,71,64,63,50,94,99,20,90,92,84,70,26,79,19,31,44,99,81,81,100,7,59,100,16,58,84,22,17,44,49,64,36,46,23,48,74,63,70,100,95,28,2303
2013-01-07,2013-01-13,63,72,88,52,63,88,71,100,100,64,100,60,62,16,33,86,70,93,83,89,75,63,70,83,100,100,84,70,51,42,30,59,93,64,70,100,100,100,48,20,18,73,37,77,100,38,100,100,92,31,9,22,22,31,22,64,100,100,98,100,84,58,100,92,100,52,56,79,90,82,94,86,100,31,42,100,63,37,56,42,100,57,85,56,88,100,94,82,85,100,100,83,57,98,31,74,67,100,100,41,68,44,80,40,90,79,79,92,15,98,91,38,65,85,45,40,55,73,100,58,93,35,63,71,68,85,88,91,87,2291
2013-01-14,2013-01-20,52,70,91,57,57,73,56,86,98,64,90,61,60,16,29,74,74,83,100,68,71,60,79,73,97,86,81,48,52,31,29,61,91,71,79,97,98,89,52,19,17,39,38,67,98,43,90,97,91,18,5,21,20,30,19,64,90,82,100,97,80,57,100,100,89,57,56,79,95,76,100,86,88,25,50,87,52,31,41,37,83,70,63,57,90,88,100,79,92,99,86,65,52,84,32,83,75,96,89,39,63,54,100,34,79,72,74,63,16,89,76,43,56,62,38,35,55,66,97,52,74,34,66,69,58,63,83,72,89,2258
2013-01-21,2013-01-27,37,53,88,52,65,70,64,72,70,45,63,47,63,12,24,63,48,80,64,74,50,63,63,83,52,73,73,28,28,17,23,47,71,47,63,59,72,61,32,13,12,34,31,55,70,30,88,82,66,10,3,13,14,21,16,45,63,67,84,68,83,49,79,76,61,44,45,56,91,67,77,92,72,22,33,61,37,32,39,33,53,45,56,43,94,72,77,77,88,77,68,54,59,83,24,76,64,77,69,28,59,32,60,33,83,78,79,65,11,59,70,32,60,63,27,22,49,54,92,44,56,19,45,66,52,56,78,72,64,2012
2013-01-28,2013-02-03,33,72,87,50,60,69,60,61,57,34,43,36,62,8,17,69,39,100,38,75,32,62,47,81,45,61,62,20,19,16,15,36,58,38,47,29,60,46,24,10,9,28,13,40,57,24,57,58,56,5,2,10,10,18,13,34,43,51,70,52,80,44,61,60,46,33,28,42,70,47,62,85,54,17,26,51,33,26,26,21,41,38,52,34,89,48,50,73,92,62,44,40,43,84,14,67,67,56,49,28,55,23,41,35,81,79,81,66,8,49,69,22,62,63,20,16,46,40,59,28,36,19,39,55,52,52,75,100,59,1510
2013-02-04,2013-02-10,25,62,79,33,49,64,53,51,53,17,37,25,65,7,13,56,27,73,28,58,27,65,38,62,26,51,45,14,12,11,9,25,45,24,38,28,52,35,13,7,6,28,16,31,53,21,46,49,34,5,1,7,8,13,6,17,37,38,51,50,75,35,51,52,35,23,20,31,49,34,44,76,37,12,16,47,25,14,27,20,30,33,29,23,92,48,49,66,80,55,32,23,49,75,13,63,65,53,50,21,51,17,28,34,82,79,83,57,7,38,62,21,53,60,15,12,42,31,48,23,33,15,21,46,45,29,71,75,45,1134
2013-02-11,2013-02-17,20,55,69,38,51,62,55,39,34,22,25,20,56,6,13,58,26,61,19,50,21,56,29,49,21,39,39,11,8,11,9,20,37,22,29,22,34,30,10,5,4,19,9,26,34,19,51,38,26,3,1,5,7,11,8,22,25,34,45,40,70,32,43,45,30,18,18,24,41,28,39,80,29,8,14,32,20,13,23,17,26,33,24,20,84,37,31,56,75,42,32,22,37,72,13,62,56,34,21,15,48,13,22,32,82,80,81,53,5,30,58,16,58,59,11,10,41,25,37,19,27,12,27,49,42,24,69,66,35,930
2013-02-18,2013-02-24,16,70,71,35,40,60,49,41,31,20,24,17,50,6,11,41,23,62,16,57,17,50,27,55,15,41,38,10,8,8,6,17,31,18,27,17,32,26,9,4,4,24,9,23,31,16,38,33,32,4,1,5,6,11,6,20,24,32,39,32,64,29,44,42,26,15,13,20,42,28,33,72,31,7,18,30,16,13,16,14,23,16,18,15,82,33,29,57,73,36,20,18,32,69,9,43,49,40,28,16,49,11,20,35,85,78,80,62,5,29,50,16,43,53,11,9,37,22,34,16,30,13,28,53,42,18,70,66,32,825
2013-02-25,2013-03-03,15,60,72,34,34,58,55,36,27,13,22,16,51,5,9,50,21,67,11,50,13,52,24,46,15,36,35,10,7,6,5,16,25,20,24,15,25,25,7,4,3,16,10,20,27,15,29,29,24,4,1,4,6,10,7,13,22,26,35,27,68,30,39,40,25,14,14,19,35,24,27,76,29,5,12,16,15,12,11,9,21,24,19,16,84,32,29,50,72,37,17,16,42,68,6,49,56,37,24,14,46,8,18,35,80,79,81,51,4,25,50,14,45,52,11,8,34,20,28,13,26,11,22,47,40,19,79,59,24,755
2013-03-04,2013-03-10,12,62,70,28,40,58,48,34,24,10,16,14,44,5,9,48,21,54,14,53,15,44,23,44,17,34,34,8,7,6,3,14,24,19,23,13,26,23,9,4,3,17,9,19,25,12,36,25,23,2,1,4,6,9,6,10,16,22,29,30,64,29,42,45,23,13,11,18,25,20,20,78,29,5,14,20,12,12,8,7,16,20,14,14,85,31,26,49,72,32,21,16,49,64,5,46,45,30,23,14,44,9,14,36,80,80,81,58,4,19,46,14,49,49,11,8,35,20,25,10,12,12,17,52,42,14,72,62,34,792
2013-03-11,2013-03-17,12,58,67,38,38,57,45,34,25,9,15,13,49,3,8,52,20,63,15,45,10,49,22,48,15,34,31,7,6,5,6,13,25,14,22,12,23,22,7,3,3,12,9,20,25,12,27,26,21,2,1,4,5,8,7,9,15,25,33,24,68,28,36,39,22,14,12,19,33,19,22,83,26,5,16,19,12,8,7,7,15,20,14,13,82,31,24,45,65,27,19,18,39,64,7,48,45,36,28,13,42,8,14,33,78,78,80,57,4,17,45,13,40,60,9,7,31,18,19,14,17,9,15,49,41,14,73,60,22,802
2013-03-18,2013-03-24,11,51,64,37,41,54,48,29,20,12,14,13,47,4,6,50,20,57,10,50,14,47,19,40,11,29,25,6,5,6,8,12,22,14,19,12,23,20,7,3,3,12,5,16,20,10,32,22,18,2,1,3,4,9,6,12,14,18,30,27,63,27,33,33,20,10,12,17,25,18,24,70,23,4,15,19,11,8,5,6,15,17,9,12,84,28,26,45,66,26,16,12,39,61,6,50,45,33,22,11,44,8,15,30,76,79,81,56,4,19,41,12,41,56,9,7,35,16,23,14,22,11,14,45,41,9,73,58,16,702
2013-03-25,2013-03-31,9,56,59,32,36,51,53,26,18,5,13,12,44,4,7,36,12,46,13,53,18,44,17,44,11,26,21,6,5,5,6,12,21,9,17,12,19,19,6,3,3,8,9,16,18,11,23,22,20,2,0,3,4,8,6,5,13,18,24,21,61,28,34,36,19,11,10,16,23,18,18,59,17,4,13,19,9,11,6,10,11,17,7,12,77,24,26,41,63,23,22,8,45,60,6,40,38,27,20,7,40,5,10,32,75,75,77,46,3,15,40,10,39,52,10,6,29,16,22,7,10,9,18,50,44,7,65,53,16,590
2013-04-01,2013-04-07,10,56,60,36,37,49,41,24,15,9,12,11,44,4,7,41,13,49,8,48,15,44,17,38,8,24,26,6,4,5,4,11,20,13,17,10,21,17,5,3,3,14,6,14,15,12,19,20,15,2,1,3,4,8,5,9,12,14,24,22,60,25,28,27,17,10,9,13,21,18,18,65,19,5,16,13,10,6,7,5,12,20,12,11,76,24,20,42,65,20,9,11,34,58,4,50,40,26,22,10,36,6,12,31,73,71,74,48,3,18,42,9,44,45,8,6,31,15,18,12,13,9,15,47,34,12,62,53,26,492
2013-04-08,2013-04-14,8,53,66,28,38,47,38,23,14,6,8,9,36,4,6,34,12,52,9,38,8,36,15,38,10,24,22,5,4,4,5,9,18,7,15,8,13,14,4,2,2,5,6,13,14,6,17,18,14,2,1,2,4,6,7,6,8,11,16,18,61,22,23,25,14,7,6,10,16,14,15,74,16,3,10,9,8,4,8,6,10,16,7,8,77,19,26,44,69,18,13,12,29,56,4,44,34,27,22,7,34,6,8,25,70,70,73,44,3,13,34,8,46,47,9,5,25,12,18,7,9,9,17,44,30,7,60,49,16,304
2013-04-15,2013-04-21,8,49,58,32,28,43,32,18,13,3,8,6,32,3,5,32,9,54,5,36,7,32,11,35,6,18,20,4,3,3,4,6,11,6,11,8,13,10,3,1,1,6,3,10,13,9,17,12,13,3,1,2,3,5,7,3,8,7,17,18,53,20,16,16,10,4,4,9,16,12,13,62,13,2,6,7,8,4,7,6,9,18,6,6,74,15,10,39,62,15,9,5,31,51,5,36,42,17,12,5,31,4,6,26,64,66,70,35,2,11,30,7,36,38,8,4,30,13,16,8,12,6,13,41,28,6,52,41,19,191
2013-04-22,2013-04-28,8,46,64,26,26,43,31,21,10,3,7,6,35,2,4,28,9,48,8,41,5,35,10,35,6,21,15,3,3,2,3,6,12,6,10,5,13,8,4,1,1,10,4,11,10,10,15,13,14,3,1,2,3,5,4,3,7,13,14,13,57,20,15,15,8,4,4,6,14,11,10,64,13,1,4,7,8,3,3,5,10,19,8,6,79,16,14,43,70,19,13,6,31,51,4,47,40,20,16,7,32,4,6,26,67,67,70,40,2,14,30,7,43,37,6,4,30,7,10,8,19,6,10,39,30,8,55,45,16,115
2013-04-29,2013-05-05,6,41,62,20,27,42,34,18,11,7,8,4,36,2,5,29,8,42,6,35,4,36,10,31,4,18,15,3,2,2,3,4,11,6,10,7,14,7,2,1,1,7,3,9,11,6,17,14,12,1,1,1,3,4,4,7,8,10,14,11,59,19,11,11,7,3,2,6,13,8,10,71,11,1,6,9,6,3,2,2,7,14,6,5,74,16,11,42,66,13,7,7,32,47,3,39,36,19,15,5,32,3,5,25,64,70,73,44,2,13,29,4,36,40,6,3,28,7,11,11,13,6,8,40,27,6,55,41,19,81
2013-05-06,2013-05-12,5,43,59,26,28,41,35,18,11,5,5,4,31,2,5,33,6,40,4,39,3,31,9,35,8,18,15,3,2,3,3,4,10,3,9,5,12,5,2,1,1,5,2,8,11,6,19,14,13,1,1,1,2,4,3,5,5,5,13,11,58,19,7,6,5,4,3,5,10,8,9,61,10,1,2,4,5,1,5,4,7,12,7,4,73,13,8,42,64,14,4,3,34,47,4,42,35,19,11,5,32,2,4,26,63,67,69,38,1,14,31,4,36,40,5,3,25,7,12,4,3,4,6,36,25,7,48,39,9,55
2013-05-13,2013-05-19,4,36,58,19,30,39,37,16,10,5,8,3,32,2,5,31,8,36,5,37,2,32,10,39,2,16,14,2,2,1,2,3,7,3,10,4,9,5,2,1,1,4,3,7,10,2,14,11,9,1,0,1,2,3,3,5,8,8,6,12,57,17,7,5,5,2,2,4,8,8,6,60,9,1,1,4,4,1,2,2,6,14,2,4,74,14,13,43,60,10,7,3,29,46,2,32,32,15,7,7,29,3,5,26,65,66,70,38,1,8,31,2,32,39,6,2,28,8,8,3,11,5,12,36,26,2,51,40,8,43
2013-05-20,2013-05-26,5,38,55,26,22,37,35,13,7,4,6,2,30,2,4,23,6,37,5,31,2,30,8,31,5,13,10,2,2,2,2,2,7,3,8,4,9,4,2,1,1,3,2,6,7,4,11,9,9,1,0,1,2,3,4,4,6,4,12,9,51,18,6,4,4,2,2,3,11,6,7,51,8,1,4,3,5,2,2,2,4,12,6,3,71,7,4,39,56,9,8,4,30,44,2,40,37,10,5,6,30,2,3,22,59,63,66,36,1,9,29,2,33,33,4,2,23,6,7,2,3,3,7,34,25,6,46,38,5,34
2013-05-27,2013-06-02,3,39,53,24,25,36,28,13,7,3,5,3,27,2,3,36,3,46,3,33,5,27,8,27,4,13,13,4,2,2,2,3,8,1,8,3,10,5,2,1,1,5,3,6,7,4,15,11,9,1,1,1,2,2,2,3,5,4,9,8,50,17,6,4,5,2,2,3,12,6,3,49,6,2,6,2,3,2,1,1,4,9,2,3,70,9,6,38,54,10,8,6,36,43,2,48,42,11,7,3,28,2,3,24,58,61,64,34,1,7,29,2,41,34,4,2,22,4,6,3,3,3,11,33,25,2,44,35,3,29
2013-06-03,2013-06-09,3,37,51,25,25,34,29,12,8,3,4,3,26,1,3,39,3,41,4,32,5,26,7,43,4,12,10,2,1,1,2,3,8,3,7,4,9,4,1,1,0,5,2,7,8,4,8,9,10,1,0,1,1,2,1,3,4,4,10,11,55,18,5,4,4,2,2,2,10,7,6,55,7,1,2,3,3,2,1,1,4,6,3,3,66,9,7,37,53,8,5,4,18,42,1,38,33,10,5,3,26,2,2,22,55,59,63,32,1,6,30,1,34,34,4,2,23,5,4,3,4,2,6,32,20,3,44,37,6,23
2013-06-10,2013-06-16,3,40,47,27,21,32,28,11,7,5,4,2,25,2,2,30,5,31,5,28,2,25,6,30,4,12,11,2,1,1,1,2,5,3,6,3,9,3,2,1,0,7,1,5,7,3,11,10,7,1,0,1,2,2,1,5,4,4,9,5,53,18,4,3,3,1,1,1,5,5,4,42,8,1,3,2,3,2,3,2,2,6,2,2,61,7,6,37,54,9,4,3,27,39,3,38,34,10,9,2,25,2,3,20,52,55,59,28,1,5,26,1,40,32,3,2,26,5,3,2,6,4,7,28,19,2,43,32,3,17
2013-06-17,2013-06-23,3,28,47,29,23,31,28,11,7,3,3,3,23,2,3,31,3,45,4,32,3,23,6,32,4,11,8,3,1,2,2,3,5,3,6,4,9,3,1,1,1,3,2,5,7,3,7,9,7,1,0,1,1,2,1,3,3,6,7,6,51,18,5,3,3,1,2,3,8,4,2,44,6,1,7,2,3,2,1,1,3,8,3,2,61,7,7,33,51,10,3,3,18,38,2,38,34,8,4,3,23,2,2,20,51,53,57,25,1,3,23,1,36,29,2,1,28,3,2,2,3,2,4,27,22,3,46,31,8,17
2013-06-24,2013-06-30,3,40,49,24,19,28,27,10,8,3,4,2,21,1,2,31,3,44,5,24,1,21,6,32,2,10,12,2,1,1,2,2,6,2,6,3,9,3,2,0,0,7,3,5,8,2,10,8,8,0,0,1,1,1,1,3,4,5,8,6,53,18,5,3,3,2,2,3,5,4,4,47,6,1,3,4,3,1,1,3,2,5,2,3,67,8,5,33,54,9,4,3,21,37,3,34,29,8,5,3,23,2,2,18,49,53,57,25,1,3,25,1,38,31,3,1,22,4,4,2,3,2,2,26,21,2,42,29,5,16
2013-07-01,2013-07-07,2,32,48,31,19,26,25,9,4,3,3,2,20,1,2,24,3,36,5,28,2,20,7,36,3,9,10,2,1,2,1,2,4,3,7,2,8,3,1,1,0,7,1,4,4,3,7,7,4,0,0,1,1,2,2,3,3,3,5,6,51,17,4,4,3,1,1,3,5,4,4,50,4,1,1,4,2,2,1,2,2,5,2,3,61,5,4,33,49,9,4,3,23,34,2,27,30,10,6,3,24,2,1,16,46,50,53,21,1,4,24,1,39,30,2,1,23,4,2,2,3,1,5,25,17,2,38,28,3,14
2013-07-08,2013-07-14,3,24,48,22,24,26,28,10,3,3,4,2,19,1,2,28,3,39,3,27,2,19,6,31,3,10,11,2,1,1,1,2,5,2,6,2,9,4,1,0,0,9,3,4,3,2,11,6,6,1,0,1,1,2,2,3,4,5,5,2,53,17,4,3,4,1,1,2,7,4,5,44,6,1,1,4,3,1,1,2,4,4,3,2,69,6,4,34,49,7,4,4,19,36,2,28,35,8,5,3,22,2,2,17,47,51,55,19,1,4,23,1,35,30,3,1,22,4,5,3,4,2,4,20,17,3,41,33,8,11
2013-07-15,2013-07-21,3,29,48,29,23,25,21,10,5,5,3,2,17,2,2,26,2,41,3,28,3,17,6,36,4,10,11,2,1,1,2,2,4,4,6,3,10,3,1,0,0,10,1,5,5,3,11,5,5,1,0,1,1,1,1,5,3,3,7,4,51,16,4,3,3,1,2,2,8,4,6,45,4,0,1,3,3,1,3,1,3,5,2,2,64,6,5,31,53,6,5,3,18,35,1,32,31,7,7,2,32,2,2,15,47,48,51,19,1,6,22,1,34,26,2,1,25,4,3,3,3,2,4,23,18,2,38,27,9,13
2013-07-22,2013-07-28,3,28,48,27,19,24,24,9,6,4,3,2,20,1,2,26,4,40,6,23,4,20,6,29,2,9,12,3,1,1,1,2,5,3,6,3,10,3,1,0,0,5,3,4,5,3,13,7,8,1,1,1,2,2,2,4,3,7,5,8,47,18,4,3,3,1,1,1,4,5,3,49,5,1,1,2,3,1,1,1,2,6,1,2,64,6,6,36,53,8,6,3,14,36,3,29,29,10,7,2,54,2,3,17,48,48,53,22,1,4,22,1,37,27,3,1,30,4,3,3,6,2,7,29,17,1,36,31,3,14
2013-07-29,2013-08-04,2,28,49,27,23,24,27,10,7,8,3,2,21,2,2,27,3,42,8,25,4,21,6,27,4,10,10,3,1,2,1,2,4,4,6,3,8,4,1,0,0,8,2,6,7,3,10,7,8,1,0,1,1,2,1,8,3,4,5,3,46,16,4,3,4,2,1,2,8,4,4,43,5,0,2,3,2,1,1,1,3,5,2,2,68,9,3,37,54,11,3,2,15,35,1,24,28,9,6,4,32,2,2,18,48,48,53,19,1,3,20,1,36,28,2,2,25,4,4,3,3,4,7,29,18,2,36,29,5,10
2013-08-05,2013-08-11,3,26,47,23,21,23,28,11,6,5,3,2,19,1,3,35,3,40,4,21,2,19,5,30,9,11,8,3,1,1,1,2,4,2,5,2,8,3,1,1,0,3,2,5,6,1,11,8,11,1,0,1,1,2,2,5,3,6,9,4,47,17,4,3,3,1,1,2,10,3,5,43,5,1,2,5,3,1,2,1,3,2,2,2,65,6,8,32,47,9,4,4,28,35,1,32,31,7,6,2,27,2,2,17,49,47,52,21,1,5,22,1,39,29,2,1,19,5,5,3,3,2,4,21,17,2,38,30,7,13
2013-08-12,2013-08-18,3,28,47,16,20,25,28,13,7,3,3,2,18,1,2,29,3,37,4,27,2,18,6,29,5,13,12,3,1,2,2,2,4,2,6,4,13,4,1,0,0,8,1,6,7,4,9,7,8,1,0,1,1,2,1,3,3,4,6,7,48,16,5,4,4,1,1,2,7,4,5,38,6,1,2,3,3,2,1,2,2,6,2,2,61,6,8,36,49,9,7,5,18,36,1,35,30,10,7,4,25,2,2,19,51,48,52,22,1,3,22,1,31,22,2,2,22,3,4,1,3,2,3,25,18,2,36,30,6,13
2013-08-19,2013-08-25,4,26,51,19,26,26,27,14,7,3,5,3,20,2,3,21,4,40,6,30,2,20,7,29,3,14,12,4,1,2,2,3,8,2,7,4,12,4,1,0,0,4,2,6,7,1,12,6,8,1,0,1,2,2,1,3,5,7,8,4,47,17,5,3,4,1,1,3,9,6,6,39,6,1,3,3,4,1,1,2,3,5,3,2,61,10,5,34,53,8,3,4,14,37,3,24,28,9,4,3,27,2,1,17,53,49,53,22,1,3,19,2,37,32,2,2,22,6,6,4,3,3,4,26,18,3,42,30,6,13
2013-08-26,2013-09-01,4,31,59,27,23,27,28,16,10,3,6,2,20,1,3,23,3,44,5,26,4,20,8,27,2,16,12,4,1,1,2,2,5,4,8,4,11,4,1,1,0,5,3,7,10,3,11,9,8,1,1,1,2,3,2,3,6,6,11,6,49,18,6,4,4,2,1,3,8,5,3,63,8,1,1,6,4,2,5,3,3,12,4,2,60,7,5,41,61,11,4,4,20,36,3,28,30,9,5,4,26,2,2,19,55,51,56,23,1,7,20,2,37,31,3,2,22,4,4,3,5,3,6,29,21,4,42,32,4,22
2013-09-02,2013-09-08,5,37,63,19,22,30,35,19,13,4,7,3,24,1,2,27,5,43,9,38,3,24,7,30,3,19,15,6,3,2,2,3,7,2,7,6,14,6,2,1,1,6,2,8,13,5,15,10,10,1,1,1,2,2,2,4,7,6,10,8,48,17,7,4,6,1,2,4,11,7,6,55,9,1,1,6,5,1,5,3,5,9,3,3,62,10,8,49,64,11,9,6,21,40,1,39,35,11,7,4,31,3,4,21,58,55,57,27,1,5,24,2,31,32,3,3,21,4,3,3,5,4,5,30,21,3,50,36,4,29
2013-09-09,2013-09-15,5,38,68,29,21,34,32,22,13,6,9,3,25,2,3,38,7,43,8,43,5,25,9,33,2,22,15,9,3,3,3,3,9,6,9,7,15,7,3,1,1,5,2,10,13,2,20,11,9,1,1,1,3,3,3,6,9,6,12,9,51,18,9,7,7,2,1,4,11,8,10,78,9,1,2,7,5,2,3,2,6,17,3,3,66,10,12,48,69,14,11,7,23,45,4,34,34,13,8,4,30,3,3,24,62,58,62,36,1,5,27,3,40,36,4,3,21,8,12,3,4,4,9,38,27,3,50,39,7,39
2013-09-16,2013-09-22,6,38,67,31,20,37,41,27,16,8,10,4,25,2,4,35,9,46,9,41,4,25,12,28,7,27,17,11,4,3,3,4,11,5,12,3,19,9,3,1,1,8,4,14,16,4,21,11,10,2,1,2,3,4,3,8,10,11,13,12,48,19,12,6,9,3,2,6,17,11,12,75,12,1,2,6,6,2,5,3,7,17,4,4,73,16,13,47,70,17,7,5,20,50,5,35,30,12,10,3,32,4,7,23,64,60,64,38,2,9,28,3,47,35,6,4,30,9,11,3,6,5,14,37,25,4,53,42,6,45
2013-09-23,2013-09-29,6,37,71,32,22,41,41,29,16,5,13,5,30,3,3,36,10,47,10,43,5,30,15,38,9,29,21,14,5,6,3,5,12,7,15,10,19,10,3,1,1,7,6,14,16,5,21,14,11,2,1,2,4,4,2,5,13,9,12,17,50,20,12,8,10,3,4,7,11,11,10,76,16,1,3,3,6,1,3,2,6,13,2,4,73,15,7,48,72,18,10,7,27,53,5,31,30,15,8,6,38,5,7,23,66,61,64,41,2,11,31,3,43,36,7,5,35,9,9,7,4,5,8,40,25,2,55,47,9,57
2013-09-30,2013-10-06,6,47,65,31,31,41,44,28,15,4,17,5,30,2,3,31,10,49,10,46,4,30,15,37,9,28,20,15,6,4,2,5,13,6,15,10,21,11,4,1,1,11,7,15,15,5,28,16,13,2,1,2,4,4,5,4,17,14,13,13,51,21,13,8,11,3,3,7,11,11,9,78,18,1,4,5,6,2,4,4,8,19,4,4,72,13,10,52,67,24,9,8,27,52,6,29,36,17,12,8,39,4,6,23,64,59,64,37,2,12,33,4,36,37,8,6,32,9,10,3,3,6,11,37,23,4,59,46,8,68
2013-10-07,2013-10-13,7,48,66,27,23,42,44,28,17,9,14,6,30,2,4,41,11,45,15,45,6,30,18,42,9,28,23,17,6,3,2,6,16,7,18,10,24,13,5,1,1,10,4,15,17,7,28,14,18,2,1,2,5,5,2,9,14,9,17,16,53,21,13,9,13,4,4,8,16,13,10,79,15,2,4,13,7,4,3,1,6,15,4,6,75,17,17,46,69,21,11,10,33,55,7,29,32,18,10,8,37,6,10,21,64,58,62,39,2,10,35,4,47,38,9,6,25,11,10,6,4,6,14,34,27,4,56,48,9,70
2013-10-14,2013-10-20,7,46,63,21,27,41,43,29,22,9,17,6,31,3,5,34,8,52,10,50,7,32,18,35,7,29,25,16,6,3,6,6,16,4,18,8,23,12,4,1,1,4,6,14,22,8,24,17,13,3,2,2,4,5,2,9,17,13,17,17,54,20,12,10,12,4,4,8,13,11,7,66,15,2,4,13,7,3,2,3,8,12,8,6,71,21,17,48,71,17,14,13,24,56,5,25,33,19,11,10,35,6,8,22,62,60,63,41,2,10,32,4,47,40,8,6,29,10,11,5,7,6,13,36,28,8,53,51,5,85
2013-10-21,2013-10-27,8,45,66,23,27,44,48,32,17,12,15,7,31,3,7,28,13,49,13,45,6,31,19,30,10,32,24,16,7,6,2,7,19,8,19,12,28,13,6,1,1,9,6,18,17,8,34,18,17,2,2,3,5,4,5,12,15,14,13,19,51,23,13,11,13,5,4,9,13,13,9,72,19,2,3,9,8,2,5,3,9,12,11,6,77,22,19,48,67,25,9,11,28,60,10,38,40,19,16,9,40,6,11,22,63,63,68,49,2,14,38,5,45,41,9,7,30,12,9,8,11,8,15,41,28,11,59,51,10,95
2013-10-28,2013-11-03,8,49,64,38,27,46,39,31,20,9,17,7,33,3,6,35,13,50,11,44,6,33,18,45,12,32,24,14,7,5,2,7,19,6,18,12,25,14,7,1,1,5,6,16,20,6,24,19,21,2,1,3,5,5,4,9,17,15,18,20,54,22,15,12,14,5,4,8,17,15,11,69,19,2,3,8,8,4,3,2,9,12,8,6,73,21,16,42,69,26,15,14,25,61,9,44,35,19,10,8,38,6,9,24,63,64,68,50,2,12,40,5,46,45,7,6,37,12,14,8,10,6,12,38,27,8,64,57,11,108
2013-11-04,2013-11-10,8,50,65,35,27,50,50,36,21,13,18,6,37,3,6,37,14,46,11,46,13,37,18,39,8,36,24,12,8,4,4,6,17,7,18,6,24,13,7,1,1,5,4,19,21,7,30,23,17,3,1,3,4,5,5,13,18,16,21,19,55,22,14,11,13,4,4,7,24,15,14,74,20,2,4,10,8,2,4,3,9,17,7,6,75,26,18,44,69,27,16,16,22,61,7,33,34,23,16,7,43,6,11,23,67,69,72,50,2,15,42,5,47,43,9,6,32,14,15,8,5,7,19,36,29,7,62,56,12,129
2013-11-11,2013-11-17,8,53,62,32,31,50,53,35,21,8,15,8,35,4,5,35,12,53,13,52,10,35,17,37,13,35,24,11,8,4,5,8,18,9,17,8,29,13,7,1,1,8,5,19,21,8,24,26,22,3,1,3,5,6,6,8,15,17,19,22,51,24,15,12,13,7,7,9,23,16,14,67,18,2,4,12,8,7,4,3,10,17,5,7,77,22,16,40,68,29,22,14,19,63,8,35,37,23,21,7,45,7,11,27,67,71,73,51,2,15,42,5,47,44,9,6,31,12,16,9,7,7,14,50,31,5,63,61,10,144
2013-11-18,2013-11-24,9,53,64,34,28,51,51,33,18,14,17,9,39,3,6,41,10,48,13,48,11,39,19,32,10,33,27,10,7,6,4,9,18,9,19,13,28,14,6,2,1,17,8,19,18,10,22,27,15,3,1,3,5,5,6,14,17,13,20,21,54,23,16,11,14,6,6,9,17,18,17,73,19,3,5,11,9,5,6,4,10,19,11,8,74,26,28,42,70,31,24,18,28,66,9,38,38,25,14,9,44,7,11,25,64,69,74,55,2,13,41,5,43,52,8,6,33,14,17,10,11,8,19,40,36,11,61,66,9,203
2013-11-25,2013-12-01,8,48,51,27,30,45,52,33,23,4,14,10,34,4,7,39,10,43,11,54,12,35,16,40,14,33,23,9,5,4,4,10,17,8,16,10,23,14,5,2,2,13,6,14,23,9,26,28,23,2,1,3,4,4,3,4,14,20,23,18,48,28,16,15,14,11,11,13,21,17,17,63,16,2,4,9,8,5,7,4,9,10,6,12,61,20,21,31,52,26,25,16,26,58,6,43,41,27,18,8,41,6,10,23,60,65,67,50,2,12,43,5,60,47,8,5,28,16,21,9,14,5,11,54,32,6,53,56,7,258
2013-12-02,2013-12-08,12,53,64,30,40,57,54,38,26,10,19,11,42,4,7,46,16,48,15,56,14,42,19,43,12,38,28,12,6,3,5,11,24,9,19,12,34,17,6,3,3,15,6,23,26,7,32,31,25,3,1,3,5,6,6,10,19,23,26,24,55,26,22,18,17,9,10,15,24,18,18,81,24,4,7,12,12,7,6,7,11,24,17,11,71,33,29,39,66,28,30,22,24,66,10,53,48,33,22,11,47,9,14,25,67,71,74,57,3,15,50,7,40,57,9,7,33,19,24,10,17,10,18,46,30,17,69,63,13,365
2013-12-09,2013-12-15,13,53,66,33,38,55,59,38,25,13,18,14,44,4,7,45,18,47,17,48,16,44,20,41,13,38,29,10,8,4,7,14,23,11,20,14,28,18,8,4,3,8,6,25,25,10,30,33,29,3,1,3,6,6,6,13,18,25,25,22,58,27,23,19,18,13,13,15,27,20,26,80,26,6,14,10,13,7,8,5,11,20,18,14,72,26,24,43,63,38,33,19,46,69,9,43,41,37,31,9,47,9,16,22,65,68,72,54,3,17,52,6,50,53,9,7,29,19,28,9,9,10,24,40,36,18,67,66,18,492
2013-12-16,2013-12-22,21,52,60,39,61,61,63,45,30,16,28,25,56,7,13,51,20,67,17,54,33,56,32,57,17,45,41,13,8,5,14,24,34,20,32,16,40,30,10,6,5,13,11,30,30,19,54,47,34,4,1,5,8,9,6,16,28,35,42,34,72,40,39,32,30,24,24,28,45,30,37,61,34,12,18,19,21,15,14,16,19,32,35,24,71,41,47,46,60,42,52,31,49,72,15,57,73,43,39,13,48,13,19,27,68,76,77,55,4,22,58,8,41,62,11,9,37,28,40,15,21,12,28,51,37,35,67,69,15,989
2013-12-23,2013-12-29,32,71,56,39,89,72,89,57,50,18,39,46,85,8,14,75,27,67,22,77,54,85,43,75,29,57,52,21,7,8,37,46,48,31,43,33,50,51,9,12,10,25,14,42,50,20,55,71,66,5,3,7,9,13,7,18,39,55,71,49,81,59,58,52,51,42,40,45,71,45,43,50,43,19,25,23,32,26,23,23,28,29,52,41,60,47,42,46,56,53,70,47,72,80,19,87,87,69,54,17,60,15,23,28,73,79,79,69,6,30,72,12,48,69,16,13,35,38,50,26,24,17,31,56,46,52,84,82,29,1735
2013-12-30,2014-01-05,35,81,66,40,78,81,93,71,55,32,46,39,74,10,20,73,38,74,28,91,48,74,49,82,28,71,56,24,7,12,33,39,58,33,49,36,56,54,7,10,9,26,18,51,55,29,63,83,62,10,2,9,10,14,13,32,46,66,67,61,78,49,66,61,54,38,39,47,64,59,63,69,53,18,26,31,35,22,26,17,42,32,46,38,78,60,56,54,63,63,85,59,78,93,19,92,87,83,63,27,66,21,30,34,88,78,79,83,8,48,83,15,51,77,19,16,43,48,61,27,36,18,36,58,54,46,90,92,30,1705
